id,firstname,lastname,email,email2,profession
100,Zia,Destinee,Zia.Destinee@yopmail.com,Zia.Destinee@gmail.com,developer
101,Rosaline,Dalli,Rosaline.Dalli@yopmail.com,Rosaline.Dalli@gmail.com,developer
102,Basia,Sammons,Basia.Sammons@yopmail.com,Basia.Sammons@gmail.com,developer
103,Paule,Lowry,Paule.Lowry@yopmail.com,Paule.Lowry@gmail.com,worker
104,Kirbee,Edee,Kirbee.Edee@yopmail.com,Kirbee.Edee@gmail.com,firefighter
105,Frances,Cottle,Frances.Cottle@yopmail.com,Frances.Cottle@gmail.com,worker
106,Amara,Vernier,Amara.Vernier@yopmail.com,Amara.Vernier@gmail.com,doctor
107,Chloris,Tybald,Chloris.Tybald@yopmail.com,Chloris.Tybald@gmail.com,doctor
108,Blinni,Schroth,Blinni.Schroth@yopmail.com,Blinni.Schroth@gmail.com,police officer
109,Jaclyn,Arne,Jaclyn.Arne@yopmail.com,Jaclyn.Arne@gmail.com,police officer
110,Carly,Abbot,Carly.Abbot@yopmail.com,Carly.Abbot@gmail.com,firefighter
111,Zsa Zsa,Decato,Zsa Zsa.Decato@yopmail.com,Zsa Zsa.Decato@gmail.com,developer
112,Tobe,Bonilla,Tobe.Bonilla@yopmail.com,Tobe.Bonilla@gmail.com,police officer
113,Barbi,Bonucci,Barbi.Bonucci@yopmail.com,Barbi.Bonucci@gmail.com,developer
114,Tilly,Uird,Tilly.Uird@yopmail.com,Tilly.Uird@gmail.com,worker
115,Rochette,Jammal,Rochette.Jammal@yopmail.com,Rochette.Jammal@gmail.com,doctor
116,Annecorinne,Fosque,Annecorinne.Fosque@yopmail.com,Annecorinne.Fosque@gmail.com,developer
117,Darlleen,Sheedy,Darlleen.Sheedy@yopmail.com,Darlleen.Sheedy@gmail.com,firefighter
118,Laurene,Deny,Laurene.Deny@yopmail.com,Laurene.Deny@gmail.com,firefighter
119,Henriette,Solitta,Henriette.Solitta@yopmail.com,Henriette.Solitta@gmail.com,doctor
120,Sallie,Doig,Sallie.Doig@yopmail.com,Sallie.Doig@gmail.com,doctor
121,Bibby,Pascia,Bibby.Pascia@yopmail.com,Bibby.Pascia@gmail.com,firefighter
122,Rori,Seligman,Rori.Seligman@yopmail.com,Rori.Seligman@gmail.com,developer
123,Julieta,An,Julieta.An@yopmail.com,Julieta.An@gmail.com,police officer
124,Marita,Moseley,Marita.Moseley@yopmail.com,Marita.Moseley@gmail.com,doctor
125,Rosanne,Kalinda,Rosanne.Kalinda@yopmail.com,Rosanne.Kalinda@gmail.com,police officer
126,Randa,Lewes,Randa.Lewes@yopmail.com,Randa.Lewes@gmail.com,doctor
127,Eugine,Elbertina,Eugine.Elbertina@yopmail.com,Eugine.Elbertina@gmail.com,police officer
128,Vanessa,Jaylene,Vanessa.Jaylene@yopmail.com,Vanessa.Jaylene@gmail.com,worker
129,Ariela,Euridice,Ariela.Euridice@yopmail.com,Ariela.Euridice@gmail.com,worker
130,Belva,Halla,Belva.Halla@yopmail.com,Belva.Halla@gmail.com,police officer
131,Kylynn,Noman,Kylynn.Noman@yopmail.com,Kylynn.Noman@gmail.com,developer
132,Kathy,Marijo,Kathy.Marijo@yopmail.com,Kathy.Marijo@gmail.com,police officer
133,Nariko,Alejoa,Nariko.Alejoa@yopmail.com,Nariko.Alejoa@gmail.com,police officer
134,Rosabelle,Saunderson,Rosabelle.Saunderson@yopmail.com,Rosabelle.Saunderson@gmail.com,worker
135,Celestyna,Teddman,Celestyna.Teddman@yopmail.com,Celestyna.Teddman@gmail.com,doctor
136,Amara,Publia,Amara.Publia@yopmail.com,Amara.Publia@gmail.com,worker
137,Melanie,Randene,Melanie.Randene@yopmail.com,Melanie.Randene@gmail.com,developer
138,Rubie,Aida,Rubie.Aida@yopmail.com,Rubie.Aida@gmail.com,doctor
139,Karolina,Evangelia,Karolina.Evangelia@yopmail.com,Karolina.Evangelia@gmail.com,police officer
140,Genovera,Duwalt,Genovera.Duwalt@yopmail.com,Genovera.Duwalt@gmail.com,developer
141,Cathie,Brian,Cathie.Brian@yopmail.com,Cathie.Brian@gmail.com,worker
142,Wilma,Kendrick,Wilma.Kendrick@yopmail.com,Wilma.Kendrick@gmail.com,police officer
143,Shaine,Santoro,Shaine.Santoro@yopmail.com,Shaine.Santoro@gmail.com,developer
144,Hope,Karl,Hope.Karl@yopmail.com,Hope.Karl@gmail.com,developer
145,Stacey,Ursulette,Stacey.Ursulette@yopmail.com,Stacey.Ursulette@gmail.com,worker
146,Lita,Hylan,Lita.Hylan@yopmail.com,Lita.Hylan@gmail.com,firefighter
147,Jacenta,Willie,Jacenta.Willie@yopmail.com,Jacenta.Willie@gmail.com,worker
148,Brana,Wittie,Brana.Wittie@yopmail.com,Brana.Wittie@gmail.com,police officer
149,Rori,Adalbert,Rori.Adalbert@yopmail.com,Rori.Adalbert@gmail.com,worker
150,Selia,Cleavland,Selia.Cleavland@yopmail.com,Selia.Cleavland@gmail.com,police officer
151,Atlanta,Garrison,Atlanta.Garrison@yopmail.com,Atlanta.Garrison@gmail.com,doctor
152,Rori,Hoban,Rori.Hoban@yopmail.com,Rori.Hoban@gmail.com,worker
153,Tybie,Chabot,Tybie.Chabot@yopmail.com,Tybie.Chabot@gmail.com,firefighter
154,Giustina,Telfer,Giustina.Telfer@yopmail.com,Giustina.Telfer@gmail.com,doctor
155,Kalina,Howlyn,Kalina.Howlyn@yopmail.com,Kalina.Howlyn@gmail.com,doctor
156,Addia,Nance,Addia.Nance@yopmail.com,Addia.Nance@gmail.com,worker
157,Estell,Cadmar,Estell.Cadmar@yopmail.com,Estell.Cadmar@gmail.com,police officer
158,Darci,Cherianne,Darci.Cherianne@yopmail.com,Darci.Cherianne@gmail.com,doctor
159,Vere,Vacuva,Vere.Vacuva@yopmail.com,Vere.Vacuva@gmail.com,developer
160,Binny,Nester,Binny.Nester@yopmail.com,Binny.Nester@gmail.com,doctor
161,Shannah,Swanhildas,Shannah.Swanhildas@yopmail.com,Shannah.Swanhildas@gmail.com,developer
162,Maisey,Wyn,Maisey.Wyn@yopmail.com,Maisey.Wyn@gmail.com,firefighter
163,Alia,Ioab,Alia.Ioab@yopmail.com,Alia.Ioab@gmail.com,firefighter
164,Aigneis,Lymann,Aigneis.Lymann@yopmail.com,Aigneis.Lymann@gmail.com,doctor
165,Sara-Ann,Corabella,Sara-Ann.Corabella@yopmail.com,Sara-Ann.Corabella@gmail.com,worker
166,Perry,Leffen,Perry.Leffen@yopmail.com,Perry.Leffen@gmail.com,developer
167,Bill,Mayeda,Bill.Mayeda@yopmail.com,Bill.Mayeda@gmail.com,developer
168,Vere,Henebry,Vere.Henebry@yopmail.com,Vere.Henebry@gmail.com,doctor
169,Florie,Silvan,Florie.Silvan@yopmail.com,Florie.Silvan@gmail.com,police officer
170,Elvira,Leonard,Elvira.Leonard@yopmail.com,Elvira.Leonard@gmail.com,worker
171,Perry,Fiester,Perry.Fiester@yopmail.com,Perry.Fiester@gmail.com,doctor
172,Ardenia,Lymann,Ardenia.Lymann@yopmail.com,Ardenia.Lymann@gmail.com,worker
173,Gwenneth,Marisa,Gwenneth.Marisa@yopmail.com,Gwenneth.Marisa@gmail.com,police officer
174,Nyssa,Kevon,Nyssa.Kevon@yopmail.com,Nyssa.Kevon@gmail.com,police officer
175,Shaine,Pillsbury,Shaine.Pillsbury@yopmail.com,Shaine.Pillsbury@gmail.com,worker
176,Chrystel,Seumas,Chrystel.Seumas@yopmail.com,Chrystel.Seumas@gmail.com,developer
177,Chere,Gusella,Chere.Gusella@yopmail.com,Chere.Gusella@gmail.com,doctor
178,Kristan,Ricki,Kristan.Ricki@yopmail.com,Kristan.Ricki@gmail.com,worker
179,Tera,Sophronia,Tera.Sophronia@yopmail.com,Tera.Sophronia@gmail.com,firefighter
180,Lynea,Timon,Lynea.Timon@yopmail.com,Lynea.Timon@gmail.com,developer
181,Mireielle,Prouty,Mireielle.Prouty@yopmail.com,Mireielle.Prouty@gmail.com,police officer
182,Vonny,Ellerey,Vonny.Ellerey@yopmail.com,Vonny.Ellerey@gmail.com,developer
183,Delilah,Brotherson,Delilah.Brotherson@yopmail.com,Delilah.Brotherson@gmail.com,doctor
184,Concettina,Himelman,Concettina.Himelman@yopmail.com,Concettina.Himelman@gmail.com,firefighter
185,Alameda,Masao,Alameda.Masao@yopmail.com,Alameda.Masao@gmail.com,doctor
186,Thalia,Poll,Thalia.Poll@yopmail.com,Thalia.Poll@gmail.com,developer
187,Hope,Matthew,Hope.Matthew@yopmail.com,Hope.Matthew@gmail.com,police officer
188,Alyssa,Thilda,Alyssa.Thilda@yopmail.com,Alyssa.Thilda@gmail.com,developer
189,Delilah,Suanne,Delilah.Suanne@yopmail.com,Delilah.Suanne@gmail.com,police officer
190,Ketti,Girardo,Ketti.Girardo@yopmail.com,Ketti.Girardo@gmail.com,developer
191,Priscilla,Cavan,Priscilla.Cavan@yopmail.com,Priscilla.Cavan@gmail.com,developer
192,Hermione,Koziara,Hermione.Koziara@yopmail.com,Hermione.Koziara@gmail.com,firefighter
193,Dari,Corilla,Dari.Corilla@yopmail.com,Dari.Corilla@gmail.com,firefighter
194,Trudie,Elsinore,Trudie.Elsinore@yopmail.com,Trudie.Elsinore@gmail.com,developer
195,Ida,Bertold,Ida.Bertold@yopmail.com,Ida.Bertold@gmail.com,worker
196,Esmeralda,Kaete,Esmeralda.Kaete@yopmail.com,Esmeralda.Kaete@gmail.com,firefighter
197,Sharai,Jefferey,Sharai.Jefferey@yopmail.com,Sharai.Jefferey@gmail.com,firefighter
198,Pamella,Haldas,Pamella.Haldas@yopmail.com,Pamella.Haldas@gmail.com,police officer
199,Cathyleen,Flyn,Cathyleen.Flyn@yopmail.com,Cathyleen.Flyn@gmail.com,developer
200,Talya,Eliathas,Talya.Eliathas@yopmail.com,Talya.Eliathas@gmail.com,firefighter
201,Katleen,Schlosser,Katleen.Schlosser@yopmail.com,Katleen.Schlosser@gmail.com,worker
202,Kimberley,Angelis,Kimberley.Angelis@yopmail.com,Kimberley.Angelis@gmail.com,doctor
203,Annaliese,Durante,Annaliese.Durante@yopmail.com,Annaliese.Durante@gmail.com,police officer
204,Celene,Burkle,Celene.Burkle@yopmail.com,Celene.Burkle@gmail.com,developer
205,Bernardine,Koehler,Bernardine.Koehler@yopmail.com,Bernardine.Koehler@gmail.com,developer
206,Kore,Jehu,Kore.Jehu@yopmail.com,Kore.Jehu@gmail.com,firefighter
207,Emma,Merna,Emma.Merna@yopmail.com,Emma.Merna@gmail.com,worker
208,Tina,Daniele,Tina.Daniele@yopmail.com,Tina.Daniele@gmail.com,worker
209,Ann-Marie,Sholley,Ann-Marie.Sholley@yopmail.com,Ann-Marie.Sholley@gmail.com,doctor
210,Eadie,Bow,Eadie.Bow@yopmail.com,Eadie.Bow@gmail.com,worker
211,Patricia,Saree,Patricia.Saree@yopmail.com,Patricia.Saree@gmail.com,police officer
212,Shandie,Lia,Shandie.Lia@yopmail.com,Shandie.Lia@gmail.com,doctor
213,Aimil,Karylin,Aimil.Karylin@yopmail.com,Aimil.Karylin@gmail.com,developer
214,Coral,Helve,Coral.Helve@yopmail.com,Coral.Helve@gmail.com,developer
215,Olwen,Henebry,Olwen.Henebry@yopmail.com,Olwen.Henebry@gmail.com,firefighter
216,Ida,Bettine,Ida.Bettine@yopmail.com,Ida.Bettine@gmail.com,worker
217,Nicoli,Prouty,Nicoli.Prouty@yopmail.com,Nicoli.Prouty@gmail.com,developer
218,Eolanda,Olin,Eolanda.Olin@yopmail.com,Eolanda.Olin@gmail.com,doctor
219,Giustina,Giff,Giustina.Giff@yopmail.com,Giustina.Giff@gmail.com,firefighter
220,Kirstin,Weide,Kirstin.Weide@yopmail.com,Kirstin.Weide@gmail.com,police officer
221,Celene,Jefferey,Celene.Jefferey@yopmail.com,Celene.Jefferey@gmail.com,doctor
222,Nataline,Florina,Nataline.Florina@yopmail.com,Nataline.Florina@gmail.com,police officer
223,Nyssa,Lorain,Nyssa.Lorain@yopmail.com,Nyssa.Lorain@gmail.com,worker
224,Christy,Sharl,Christy.Sharl@yopmail.com,Christy.Sharl@gmail.com,worker
225,Luci,Talia,Luci.Talia@yopmail.com,Luci.Talia@gmail.com,firefighter
226,Jenilee,Schonfeld,Jenilee.Schonfeld@yopmail.com,Jenilee.Schonfeld@gmail.com,developer
227,Elie,Weide,Elie.Weide@yopmail.com,Elie.Weide@gmail.com,firefighter
228,Althea,Fulmer,Althea.Fulmer@yopmail.com,Althea.Fulmer@gmail.com,worker
229,Shirlee,Mike,Shirlee.Mike@yopmail.com,Shirlee.Mike@gmail.com,firefighter
230,Fawne,Schroth,Fawne.Schroth@yopmail.com,Fawne.Schroth@gmail.com,developer
231,Rochette,Horan,Rochette.Horan@yopmail.com,Rochette.Horan@gmail.com,doctor
232,Fernande,Waite,Fernande.Waite@yopmail.com,Fernande.Waite@gmail.com,doctor
233,Ekaterina,Levey,Ekaterina.Levey@yopmail.com,Ekaterina.Levey@gmail.com,doctor
234,Kerrin,Sibyls,Kerrin.Sibyls@yopmail.com,Kerrin.Sibyls@gmail.com,police officer
235,Sarette,Frendel,Sarette.Frendel@yopmail.com,Sarette.Frendel@gmail.com,developer
236,Peri,Sparhawk,Peri.Sparhawk@yopmail.com,Peri.Sparhawk@gmail.com,doctor
237,Candi,Kenney,Candi.Kenney@yopmail.com,Candi.Kenney@gmail.com,worker
238,Zondra,Kenwood,Zondra.Kenwood@yopmail.com,Zondra.Kenwood@gmail.com,developer
239,Marylou,Lewes,Marylou.Lewes@yopmail.com,Marylou.Lewes@gmail.com,worker
240,Blake,Tjon,Blake.Tjon@yopmail.com,Blake.Tjon@gmail.com,police officer
241,Tami,Grayce,Tami.Grayce@yopmail.com,Tami.Grayce@gmail.com,worker
242,Marita,Ahab,Marita.Ahab@yopmail.com,Marita.Ahab@gmail.com,worker
243,Atlanta,Felizio,Atlanta.Felizio@yopmail.com,Atlanta.Felizio@gmail.com,doctor
244,Jackie,Abram,Jackie.Abram@yopmail.com,Jackie.Abram@gmail.com,firefighter
245,Gretal,Jerald,Gretal.Jerald@yopmail.com,Gretal.Jerald@gmail.com,developer
246,Candi,Gaal,Candi.Gaal@yopmail.com,Candi.Gaal@gmail.com,police officer
247,Audrie,Zina,Audrie.Zina@yopmail.com,Audrie.Zina@gmail.com,police officer
248,Zsa Zsa,Selway,Zsa Zsa.Selway@yopmail.com,Zsa Zsa.Selway@gmail.com,police officer
249,Kirbee,Ambrosia,Kirbee.Ambrosia@yopmail.com,Kirbee.Ambrosia@gmail.com,worker
250,Odessa,Fancie,Odessa.Fancie@yopmail.com,Odessa.Fancie@gmail.com,worker
251,Mireielle,Halsey,Mireielle.Halsey@yopmail.com,Mireielle.Halsey@gmail.com,police officer
252,Myriam,Deny,Myriam.Deny@yopmail.com,Myriam.Deny@gmail.com,worker
253,Aeriela,Casimir,Aeriela.Casimir@yopmail.com,Aeriela.Casimir@gmail.com,police officer
254,Clo,Lenny,Clo.Lenny@yopmail.com,Clo.Lenny@gmail.com,worker
255,Carmencita,Tryck,Carmencita.Tryck@yopmail.com,Carmencita.Tryck@gmail.com,worker
256,Tilly,Devlen,Tilly.Devlen@yopmail.com,Tilly.Devlen@gmail.com,worker
257,Doro,Braun,Doro.Braun@yopmail.com,Doro.Braun@gmail.com,firefighter
258,Chastity,Boycey,Chastity.Boycey@yopmail.com,Chastity.Boycey@gmail.com,developer
259,Rosanne,Niccolo,Rosanne.Niccolo@yopmail.com,Rosanne.Niccolo@gmail.com,worker
260,Asia,Rosemary,Asia.Rosemary@yopmail.com,Asia.Rosemary@gmail.com,firefighter
261,Clo,Viddah,Clo.Viddah@yopmail.com,Clo.Viddah@gmail.com,firefighter
262,Quintina,Atcliffe,Quintina.Atcliffe@yopmail.com,Quintina.Atcliffe@gmail.com,police officer
263,Rosene,Laurianne,Rosene.Laurianne@yopmail.com,Rosene.Laurianne@gmail.com,doctor
264,Elvira,Valerio,Elvira.Valerio@yopmail.com,Elvira.Valerio@gmail.com,worker
265,Alie,Anton,Alie.Anton@yopmail.com,Alie.Anton@gmail.com,police officer
266,Viki,Swigart,Viki.Swigart@yopmail.com,Viki.Swigart@gmail.com,firefighter
267,Cordi,Izaak,Cordi.Izaak@yopmail.com,Cordi.Izaak@gmail.com,doctor
268,Gertrud,Erlandson,Gertrud.Erlandson@yopmail.com,Gertrud.Erlandson@gmail.com,firefighter
269,Nikki,Nikaniki,Nikki.Nikaniki@yopmail.com,Nikki.Nikaniki@gmail.com,firefighter
270,Myrtice,Posner,Myrtice.Posner@yopmail.com,Myrtice.Posner@gmail.com,developer
271,Hollie,Gladstone,Hollie.Gladstone@yopmail.com,Hollie.Gladstone@gmail.com,developer
272,Sibella,Cohdwell,Sibella.Cohdwell@yopmail.com,Sibella.Cohdwell@gmail.com,firefighter
273,Tina,Kunin,Tina.Kunin@yopmail.com,Tina.Kunin@gmail.com,police officer
274,Lily,Redmond,Lily.Redmond@yopmail.com,Lily.Redmond@gmail.com,developer
275,Janey,Noelyn,Janey.Noelyn@yopmail.com,Janey.Noelyn@gmail.com,developer
276,Elie,Kelula,Elie.Kelula@yopmail.com,Elie.Kelula@gmail.com,police officer
277,Therine,Merriott,Therine.Merriott@yopmail.com,Therine.Merriott@gmail.com,police officer
278,Ronna,Mallon,Ronna.Mallon@yopmail.com,Ronna.Mallon@gmail.com,doctor
279,Emma,Persse,Emma.Persse@yopmail.com,Emma.Persse@gmail.com,developer
280,Deane,Plato,Deane.Plato@yopmail.com,Deane.Plato@gmail.com,police officer
281,Chere,Freddi,Chere.Freddi@yopmail.com,Chere.Freddi@gmail.com,firefighter
282,Gratia,Olnee,Gratia.Olnee@yopmail.com,Gratia.Olnee@gmail.com,firefighter
283,Inga,Dorine,Inga.Dorine@yopmail.com,Inga.Dorine@gmail.com,worker
284,Karlee,Michella,Karlee.Michella@yopmail.com,Karlee.Michella@gmail.com,firefighter
285,Kara-Lynn,Lewes,Kara-Lynn.Lewes@yopmail.com,Kara-Lynn.Lewes@gmail.com,police officer
286,Nikki,Delila,Nikki.Delila@yopmail.com,Nikki.Delila@gmail.com,police officer
287,Roslyn,Jotham,Roslyn.Jotham@yopmail.com,Roslyn.Jotham@gmail.com,doctor
288,Sabina,Aaberg,Sabina.Aaberg@yopmail.com,Sabina.Aaberg@gmail.com,firefighter
289,Karly,Emmy,Karly.Emmy@yopmail.com,Karly.Emmy@gmail.com,police officer
290,Dode,Goth,Dode.Goth@yopmail.com,Dode.Goth@gmail.com,developer
291,Sara-Ann,Newell,Sara-Ann.Newell@yopmail.com,Sara-Ann.Newell@gmail.com,developer
292,Jinny,Cherianne,Jinny.Cherianne@yopmail.com,Jinny.Cherianne@gmail.com,worker
293,Perry,Cloris,Perry.Cloris@yopmail.com,Perry.Cloris@gmail.com,firefighter
294,Alameda,Holbrook,Alameda.Holbrook@yopmail.com,Alameda.Holbrook@gmail.com,developer
295,Gianina,Lasley,Gianina.Lasley@yopmail.com,Gianina.Lasley@gmail.com,developer
296,Gretal,Eno,Gretal.Eno@yopmail.com,Gretal.Eno@gmail.com,doctor
297,Carolina,Lorain,Carolina.Lorain@yopmail.com,Carolina.Lorain@gmail.com,worker
298,Meg,Anyah,Meg.Anyah@yopmail.com,Meg.Anyah@gmail.com,developer
299,Gisela,Maxi,Gisela.Maxi@yopmail.com,Gisela.Maxi@gmail.com,firefighter
300,Mathilda,Bates,Mathilda.Bates@yopmail.com,Mathilda.Bates@gmail.com,worker
301,Rivalee,Alice,Rivalee.Alice@yopmail.com,Rivalee.Alice@gmail.com,doctor
302,Winny,Vastah,Winny.Vastah@yopmail.com,Winny.Vastah@gmail.com,developer
303,Anallese,Kare,Anallese.Kare@yopmail.com,Anallese.Kare@gmail.com,worker
304,Yvonne,Stuart,Yvonne.Stuart@yopmail.com,Yvonne.Stuart@gmail.com,doctor
305,Maridel,Matthew,Maridel.Matthew@yopmail.com,Maridel.Matthew@gmail.com,doctor
306,Chere,Erminia,Chere.Erminia@yopmail.com,Chere.Erminia@gmail.com,police officer
307,Abbie,Margarete,Abbie.Margarete@yopmail.com,Abbie.Margarete@gmail.com,worker
308,Kerrin,Bollay,Kerrin.Bollay@yopmail.com,Kerrin.Bollay@gmail.com,doctor
309,Georgetta,Sholley,Georgetta.Sholley@yopmail.com,Georgetta.Sholley@gmail.com,doctor
310,Tiffie,Thema,Tiffie.Thema@yopmail.com,Tiffie.Thema@gmail.com,police officer
311,Olivette,McLaughlin,Olivette.McLaughlin@yopmail.com,Olivette.McLaughlin@gmail.com,firefighter
312,Valeda,Colp,Valeda.Colp@yopmail.com,Valeda.Colp@gmail.com,worker
313,Berta,Casimir,Berta.Casimir@yopmail.com,Berta.Casimir@gmail.com,developer
314,Zaria,Velick,Zaria.Velick@yopmail.com,Zaria.Velick@gmail.com,firefighter
315,Orelia,Natica,Orelia.Natica@yopmail.com,Orelia.Natica@gmail.com,developer
316,Barbi,Hewitt,Barbi.Hewitt@yopmail.com,Barbi.Hewitt@gmail.com,firefighter
317,Melina,Taam,Melina.Taam@yopmail.com,Melina.Taam@gmail.com,firefighter
318,Hildegaard,Sallyann,Hildegaard.Sallyann@yopmail.com,Hildegaard.Sallyann@gmail.com,worker
319,Gusella,Connelly,Gusella.Connelly@yopmail.com,Gusella.Connelly@gmail.com,doctor
320,Anthia,Ellerey,Anthia.Ellerey@yopmail.com,Anthia.Ellerey@gmail.com,doctor
321,Celisse,Anestassia,Celisse.Anestassia@yopmail.com,Celisse.Anestassia@gmail.com,doctor
322,Norine,Jalbert,Norine.Jalbert@yopmail.com,Norine.Jalbert@gmail.com,police officer
323,Lisette,Natalia,Lisette.Natalia@yopmail.com,Lisette.Natalia@gmail.com,developer
324,Agathe,Kirbee,Agathe.Kirbee@yopmail.com,Agathe.Kirbee@gmail.com,worker
325,Tybie,Geffner,Tybie.Geffner@yopmail.com,Tybie.Geffner@gmail.com,doctor
326,Dominga,Adrienne,Dominga.Adrienne@yopmail.com,Dominga.Adrienne@gmail.com,doctor
327,Kittie,Roche,Kittie.Roche@yopmail.com,Kittie.Roche@gmail.com,police officer
328,Alexine,Atcliffe,Alexine.Atcliffe@yopmail.com,Alexine.Atcliffe@gmail.com,doctor
329,Lila,Yorick,Lila.Yorick@yopmail.com,Lila.Yorick@gmail.com,police officer
330,Annabela,Ciapas,Annabela.Ciapas@yopmail.com,Annabela.Ciapas@gmail.com,developer
331,Millie,Cherianne,Millie.Cherianne@yopmail.com,Millie.Cherianne@gmail.com,developer
332,Esmeralda,Kirbee,Esmeralda.Kirbee@yopmail.com,Esmeralda.Kirbee@gmail.com,firefighter
333,Vere,Blase,Vere.Blase@yopmail.com,Vere.Blase@gmail.com,firefighter
334,Therine,Kannry,Therine.Kannry@yopmail.com,Therine.Kannry@gmail.com,worker
335,Willetta,Francyne,Willetta.Francyne@yopmail.com,Willetta.Francyne@gmail.com,developer
336,Leeanne,Merriott,Leeanne.Merriott@yopmail.com,Leeanne.Merriott@gmail.com,developer
337,Melisent,Dowski,Melisent.Dowski@yopmail.com,Melisent.Dowski@gmail.com,developer
338,Carmencita,Lory,Carmencita.Lory@yopmail.com,Carmencita.Lory@gmail.com,doctor
339,Tarra,Freddi,Tarra.Freddi@yopmail.com,Tarra.Freddi@gmail.com,police officer
340,Moyna,Hewitt,Moyna.Hewitt@yopmail.com,Moyna.Hewitt@gmail.com,doctor
341,Barbi,Bethany,Barbi.Bethany@yopmail.com,Barbi.Bethany@gmail.com,worker
342,Talya,Andrel,Talya.Andrel@yopmail.com,Talya.Andrel@gmail.com,doctor
343,Vanessa,Brittani,Vanessa.Brittani@yopmail.com,Vanessa.Brittani@gmail.com,firefighter
344,Chloris,Jefferey,Chloris.Jefferey@yopmail.com,Chloris.Jefferey@gmail.com,police officer
345,Nickie,Grobe,Nickie.Grobe@yopmail.com,Nickie.Grobe@gmail.com,developer
346,Shannah,Bettine,Shannah.Bettine@yopmail.com,Shannah.Bettine@gmail.com,doctor
347,Fredericka,Redmond,Fredericka.Redmond@yopmail.com,Fredericka.Redmond@gmail.com,doctor
348,Brooks,Ephrem,Brooks.Ephrem@yopmail.com,Brooks.Ephrem@gmail.com,worker
349,Letizia,Riordan,Letizia.Riordan@yopmail.com,Letizia.Riordan@gmail.com,police officer
350,Kirbee,Kress,Kirbee.Kress@yopmail.com,Kirbee.Kress@gmail.com,police officer
351,Belinda,Estella,Belinda.Estella@yopmail.com,Belinda.Estella@gmail.com,developer
352,Hallie,Regan,Hallie.Regan@yopmail.com,Hallie.Regan@gmail.com,developer
353,Selma,Miru,Selma.Miru@yopmail.com,Selma.Miru@gmail.com,doctor
354,Ezmeralda,Fairweather,Ezmeralda.Fairweather@yopmail.com,Ezmeralda.Fairweather@gmail.com,doctor
355,Marita,Loeb,Marita.Loeb@yopmail.com,Marita.Loeb@gmail.com,doctor
356,Shauna,Podvin,Shauna.Podvin@yopmail.com,Shauna.Podvin@gmail.com,worker
357,Kayla,Wesle,Kayla.Wesle@yopmail.com,Kayla.Wesle@gmail.com,developer
358,Jackie,Lalitta,Jackie.Lalitta@yopmail.com,Jackie.Lalitta@gmail.com,developer
359,Laure,Wind,Laure.Wind@yopmail.com,Laure.Wind@gmail.com,developer
360,Zondra,Lemuela,Zondra.Lemuela@yopmail.com,Zondra.Lemuela@gmail.com,developer
361,Gwyneth,Cordi,Gwyneth.Cordi@yopmail.com,Gwyneth.Cordi@gmail.com,police officer
362,Florie,Alisia,Florie.Alisia@yopmail.com,Florie.Alisia@gmail.com,developer
363,Daune,Buttaro,Daune.Buttaro@yopmail.com,Daune.Buttaro@gmail.com,firefighter
364,Neila,Dituri,Neila.Dituri@yopmail.com,Neila.Dituri@gmail.com,firefighter
365,Xylina,Odysseus,Xylina.Odysseus@yopmail.com,Xylina.Odysseus@gmail.com,police officer
366,Hollie,Cyrie,Hollie.Cyrie@yopmail.com,Hollie.Cyrie@gmail.com,worker
367,Kittie,Lenny,Kittie.Lenny@yopmail.com,Kittie.Lenny@gmail.com,doctor
368,Vita,Huggins,Vita.Huggins@yopmail.com,Vita.Huggins@gmail.com,developer
369,Pollyanna,Parette,Pollyanna.Parette@yopmail.com,Pollyanna.Parette@gmail.com,doctor
370,Lacie,Boycey,Lacie.Boycey@yopmail.com,Lacie.Boycey@gmail.com,developer
371,Angelique,Carri,Angelique.Carri@yopmail.com,Angelique.Carri@gmail.com,firefighter
372,Nollie,Ricki,Nollie.Ricki@yopmail.com,Nollie.Ricki@gmail.com,police officer
373,Frieda,Dulciana,Frieda.Dulciana@yopmail.com,Frieda.Dulciana@gmail.com,police officer
374,Caressa,Gaspard,Caressa.Gaspard@yopmail.com,Caressa.Gaspard@gmail.com,developer
375,Barbi,Wolfgram,Barbi.Wolfgram@yopmail.com,Barbi.Wolfgram@gmail.com,doctor
376,Sallie,Chauncey,Sallie.Chauncey@yopmail.com,Sallie.Chauncey@gmail.com,worker
377,Melodie,Esmaria,Melodie.Esmaria@yopmail.com,Melodie.Esmaria@gmail.com,developer
378,Lolita,Joseph,Lolita.Joseph@yopmail.com,Lolita.Joseph@gmail.com,doctor
379,Noelle,Poppy,Noelle.Poppy@yopmail.com,Noelle.Poppy@gmail.com,firefighter
380,Mady,Woodberry,Mady.Woodberry@yopmail.com,Mady.Woodberry@gmail.com,police officer
381,Calla,Forrer,Calla.Forrer@yopmail.com,Calla.Forrer@gmail.com,firefighter
382,Brianna,Lumbard,Brianna.Lumbard@yopmail.com,Brianna.Lumbard@gmail.com,developer
383,Dennie,Anastatius,Dennie.Anastatius@yopmail.com,Dennie.Anastatius@gmail.com,police officer
384,Ursulina,Carleen,Ursulina.Carleen@yopmail.com,Ursulina.Carleen@gmail.com,doctor
385,Caritta,Madox,Caritta.Madox@yopmail.com,Caritta.Madox@gmail.com,developer
386,Chrystel,Gunn,Chrystel.Gunn@yopmail.com,Chrystel.Gunn@gmail.com,doctor
387,Carlie,Hull,Carlie.Hull@yopmail.com,Carlie.Hull@gmail.com,worker
388,Verla,Rozanna,Verla.Rozanna@yopmail.com,Verla.Rozanna@gmail.com,firefighter
389,Leeanne,Sigfrid,Leeanne.Sigfrid@yopmail.com,Leeanne.Sigfrid@gmail.com,developer
390,Basia,Philipp,Basia.Philipp@yopmail.com,Basia.Philipp@gmail.com,worker
391,Renae,Kazimir,Renae.Kazimir@yopmail.com,Renae.Kazimir@gmail.com,firefighter
392,Ariela,Jehu,Ariela.Jehu@yopmail.com,Ariela.Jehu@gmail.com,firefighter
393,Priscilla,Hedve,Priscilla.Hedve@yopmail.com,Priscilla.Hedve@gmail.com,developer
394,Marita,Amand,Marita.Amand@yopmail.com,Marita.Amand@gmail.com,doctor
395,Melisent,Arvo,Melisent.Arvo@yopmail.com,Melisent.Arvo@gmail.com,worker
396,Joeann,Ingra,Joeann.Ingra@yopmail.com,Joeann.Ingra@gmail.com,developer
397,Concettina,Johanna,Concettina.Johanna@yopmail.com,Concettina.Johanna@gmail.com,police officer
398,Max,Hylan,Max.Hylan@yopmail.com,Max.Hylan@gmail.com,developer
399,Celestyna,Weaks,Celestyna.Weaks@yopmail.com,Celestyna.Weaks@gmail.com,developer
400,Devina,Celestine,Devina.Celestine@yopmail.com,Devina.Celestine@gmail.com,firefighter
401,Talya,Sacken,Talya.Sacken@yopmail.com,Talya.Sacken@gmail.com,firefighter
402,Glynnis,Janith,Glynnis.Janith@yopmail.com,Glynnis.Janith@gmail.com,developer
403,Bernardine,Brandice,Bernardine.Brandice@yopmail.com,Bernardine.Brandice@gmail.com,developer
404,Nannie,Buckler,Nannie.Buckler@yopmail.com,Nannie.Buckler@gmail.com,developer
405,Iseabal,Aprile,Iseabal.Aprile@yopmail.com,Iseabal.Aprile@gmail.com,doctor
406,Doralynne,Macey,Doralynne.Macey@yopmail.com,Doralynne.Macey@gmail.com,doctor
407,Mariele,Hathaway,Mariele.Hathaway@yopmail.com,Mariele.Hathaway@gmail.com,worker
408,Christy,Goldina,Christy.Goldina@yopmail.com,Christy.Goldina@gmail.com,developer
409,Bobbi,Odysseus,Bobbi.Odysseus@yopmail.com,Bobbi.Odysseus@gmail.com,worker
410,Lynnea,Timon,Lynnea.Timon@yopmail.com,Lynnea.Timon@gmail.com,police officer
411,Lanae,Weinreb,Lanae.Weinreb@yopmail.com,Lanae.Weinreb@gmail.com,doctor
412,Lita,Kellby,Lita.Kellby@yopmail.com,Lita.Kellby@gmail.com,doctor
413,Monika,Blake,Monika.Blake@yopmail.com,Monika.Blake@gmail.com,developer
414,Georgetta,Durante,Georgetta.Durante@yopmail.com,Georgetta.Durante@gmail.com,doctor
415,Daryl,Izaak,Daryl.Izaak@yopmail.com,Daryl.Izaak@gmail.com,developer
416,Berget,Baudin,Berget.Baudin@yopmail.com,Berget.Baudin@gmail.com,worker
417,Luci,Ashok,Luci.Ashok@yopmail.com,Luci.Ashok@gmail.com,firefighter
418,Jaclyn,Pauly,Jaclyn.Pauly@yopmail.com,Jaclyn.Pauly@gmail.com,firefighter
419,Jessamyn,Yusuk,Jessamyn.Yusuk@yopmail.com,Jessamyn.Yusuk@gmail.com,doctor
420,Raina,Japeth,Raina.Japeth@yopmail.com,Raina.Japeth@gmail.com,firefighter
421,Evaleen,Clara,Evaleen.Clara@yopmail.com,Evaleen.Clara@gmail.com,worker
422,Elena,Hashim,Elena.Hashim@yopmail.com,Elena.Hashim@gmail.com,doctor
423,Dode,Wilkinson,Dode.Wilkinson@yopmail.com,Dode.Wilkinson@gmail.com,worker
424,Rivalee,MacIntosh,Rivalee.MacIntosh@yopmail.com,Rivalee.MacIntosh@gmail.com,doctor
425,Cyb,Japeth,Cyb.Japeth@yopmail.com,Cyb.Japeth@gmail.com,firefighter
426,Yolane,Olnee,Yolane.Olnee@yopmail.com,Yolane.Olnee@gmail.com,firefighter
427,Donnie,Damarra,Donnie.Damarra@yopmail.com,Donnie.Damarra@gmail.com,developer
428,Amii,Maryanne,Amii.Maryanne@yopmail.com,Amii.Maryanne@gmail.com,doctor
429,Tera,Chrystel,Tera.Chrystel@yopmail.com,Tera.Chrystel@gmail.com,firefighter
430,Renae,Fiester,Renae.Fiester@yopmail.com,Renae.Fiester@gmail.com,firefighter
431,Corene,Suk,Corene.Suk@yopmail.com,Corene.Suk@gmail.com,firefighter
432,Shandie,Viddah,Shandie.Viddah@yopmail.com,Shandie.Viddah@gmail.com,developer
433,Jaclyn,Daveta,Jaclyn.Daveta@yopmail.com,Jaclyn.Daveta@gmail.com,firefighter
434,Claudina,Aloise,Claudina.Aloise@yopmail.com,Claudina.Aloise@gmail.com,developer
435,Gui,Berard,Gui.Berard@yopmail.com,Gui.Berard@gmail.com,police officer
436,Shaylyn,Martguerita,Shaylyn.Martguerita@yopmail.com,Shaylyn.Martguerita@gmail.com,police officer
437,Rebeca,Ramona,Rebeca.Ramona@yopmail.com,Rebeca.Ramona@gmail.com,developer
438,Claresta,Lemuela,Claresta.Lemuela@yopmail.com,Claresta.Lemuela@gmail.com,worker
439,Cordi,Ball,Cordi.Ball@yopmail.com,Cordi.Ball@gmail.com,worker
440,Gui,Tannie,Gui.Tannie@yopmail.com,Gui.Tannie@gmail.com,worker
441,Jemie,Selway,Jemie.Selway@yopmail.com,Jemie.Selway@gmail.com,police officer
442,Ardys,Kesley,Ardys.Kesley@yopmail.com,Ardys.Kesley@gmail.com,firefighter
443,Sissy,Yoko,Sissy.Yoko@yopmail.com,Sissy.Yoko@gmail.com,police officer
444,Yolane,Gemini,Yolane.Gemini@yopmail.com,Yolane.Gemini@gmail.com,worker
445,Wynne,Margret,Wynne.Margret@yopmail.com,Wynne.Margret@gmail.com,firefighter
446,Gerianna,Francyne,Gerianna.Francyne@yopmail.com,Gerianna.Francyne@gmail.com,firefighter
447,Hallie,Berard,Hallie.Berard@yopmail.com,Hallie.Berard@gmail.com,doctor
448,Mary,Bebe,Mary.Bebe@yopmail.com,Mary.Bebe@gmail.com,firefighter
449,Christy,Ade,Christy.Ade@yopmail.com,Christy.Ade@gmail.com,developer
450,Evita,Toffic,Evita.Toffic@yopmail.com,Evita.Toffic@gmail.com,developer
451,Riannon,Jalbert,Riannon.Jalbert@yopmail.com,Riannon.Jalbert@gmail.com,developer
452,Penelopa,Hewitt,Penelopa.Hewitt@yopmail.com,Penelopa.Hewitt@gmail.com,worker
453,Janeczka,Salchunas,Janeczka.Salchunas@yopmail.com,Janeczka.Salchunas@gmail.com,developer
454,Aurore,Olin,Aurore.Olin@yopmail.com,Aurore.Olin@gmail.com,developer
455,Marcy,Francene,Marcy.Francene@yopmail.com,Marcy.Francene@gmail.com,police officer
456,Max,Gordon,Max.Gordon@yopmail.com,Max.Gordon@gmail.com,police officer
457,Agathe,Agle,Agathe.Agle@yopmail.com,Agathe.Agle@gmail.com,developer
458,Dagmar,Odell,Dagmar.Odell@yopmail.com,Dagmar.Odell@gmail.com,worker
459,Tersina,Adrienne,Tersina.Adrienne@yopmail.com,Tersina.Adrienne@gmail.com,firefighter
460,Myrtice,Papageno,Myrtice.Papageno@yopmail.com,Myrtice.Papageno@gmail.com,doctor
461,Donnie,Yuille,Donnie.Yuille@yopmail.com,Donnie.Yuille@gmail.com,developer
462,Cacilie,Mott,Cacilie.Mott@yopmail.com,Cacilie.Mott@gmail.com,worker
463,Leanna,Maribeth,Leanna.Maribeth@yopmail.com,Leanna.Maribeth@gmail.com,doctor
464,Gavrielle,Cordi,Gavrielle.Cordi@yopmail.com,Gavrielle.Cordi@gmail.com,worker
465,Gabi,Erskine,Gabi.Erskine@yopmail.com,Gabi.Erskine@gmail.com,doctor
466,Mellicent,Halsey,Mellicent.Halsey@yopmail.com,Mellicent.Halsey@gmail.com,doctor
467,Evita,Kat,Evita.Kat@yopmail.com,Evita.Kat@gmail.com,police officer
468,Letizia,Bertold,Letizia.Bertold@yopmail.com,Letizia.Bertold@gmail.com,doctor
469,Roberta,Stanwood,Roberta.Stanwood@yopmail.com,Roberta.Stanwood@gmail.com,doctor
470,Molli,Gwenore,Molli.Gwenore@yopmail.com,Molli.Gwenore@gmail.com,police officer
471,Clo,Sprage,Clo.Sprage@yopmail.com,Clo.Sprage@gmail.com,firefighter
472,Alexine,Kinnard,Alexine.Kinnard@yopmail.com,Alexine.Kinnard@gmail.com,firefighter
473,Celene,Raul,Celene.Raul@yopmail.com,Celene.Raul@gmail.com,doctor
474,Helsa,Monaco,Helsa.Monaco@yopmail.com,Helsa.Monaco@gmail.com,developer
475,Danika,Jenness,Danika.Jenness@yopmail.com,Danika.Jenness@gmail.com,firefighter
476,Nariko,Dyche,Nariko.Dyche@yopmail.com,Nariko.Dyche@gmail.com,firefighter
477,Georgina,Skurnik,Georgina.Skurnik@yopmail.com,Georgina.Skurnik@gmail.com,developer
478,Peri,Leary,Peri.Leary@yopmail.com,Peri.Leary@gmail.com,doctor
479,Misha,Faro,Misha.Faro@yopmail.com,Misha.Faro@gmail.com,doctor
480,Henriette,Skurnik,Henriette.Skurnik@yopmail.com,Henriette.Skurnik@gmail.com,worker
481,Shandie,Annabella,Shandie.Annabella@yopmail.com,Shandie.Annabella@gmail.com,firefighter
482,Hannis,Kaja,Hannis.Kaja@yopmail.com,Hannis.Kaja@gmail.com,police officer
483,Carree,Gualtiero,Carree.Gualtiero@yopmail.com,Carree.Gualtiero@gmail.com,police officer
484,Orelia,Lamoree,Orelia.Lamoree@yopmail.com,Orelia.Lamoree@gmail.com,developer
485,Ashlee,Estella,Ashlee.Estella@yopmail.com,Ashlee.Estella@gmail.com,police officer
486,Ofilia,Gerge,Ofilia.Gerge@yopmail.com,Ofilia.Gerge@gmail.com,doctor
487,Corina,Kellby,Corina.Kellby@yopmail.com,Corina.Kellby@gmail.com,police officer
488,Dulce,Center,Dulce.Center@yopmail.com,Dulce.Center@gmail.com,developer
489,Maridel,Dash,Maridel.Dash@yopmail.com,Maridel.Dash@gmail.com,developer
490,Kenna,Sperling,Kenna.Sperling@yopmail.com,Kenna.Sperling@gmail.com,worker
491,Dorice,Baptlsta,Dorice.Baptlsta@yopmail.com,Dorice.Baptlsta@gmail.com,police officer
492,Vivia,Idelia,Vivia.Idelia@yopmail.com,Vivia.Idelia@gmail.com,worker
493,Esmeralda,Docilla,Esmeralda.Docilla@yopmail.com,Esmeralda.Docilla@gmail.com,developer
494,Selia,Sandye,Selia.Sandye@yopmail.com,Selia.Sandye@gmail.com,doctor
495,Chickie,O'Neill,Chickie.O'Neill@yopmail.com,Chickie.O'Neill@gmail.com,doctor
496,Renie,Dominy,Renie.Dominy@yopmail.com,Renie.Dominy@gmail.com,police officer
497,Dorice,Willie,Dorice.Willie@yopmail.com,Dorice.Willie@gmail.com,developer
498,Carmencita,Sigfrid,Carmencita.Sigfrid@yopmail.com,Carmencita.Sigfrid@gmail.com,police officer
499,Anestassia,Marisa,Anestassia.Marisa@yopmail.com,Anestassia.Marisa@gmail.com,doctor
500,Dennie,Dyche,Dennie.Dyche@yopmail.com,Dennie.Dyche@gmail.com,worker
501,Blake,Blase,Blake.Blase@yopmail.com,Blake.Blase@gmail.com,worker
502,Charlena,Riordan,Charlena.Riordan@yopmail.com,Charlena.Riordan@gmail.com,police officer
503,Cam,Georgy,Cam.Georgy@yopmail.com,Cam.Georgy@gmail.com,developer
504,Sue,Yoko,Sue.Yoko@yopmail.com,Sue.Yoko@gmail.com,worker
505,Shandie,Rosemary,Shandie.Rosemary@yopmail.com,Shandie.Rosemary@gmail.com,police officer
506,Cristine,Ackerley,Cristine.Ackerley@yopmail.com,Cristine.Ackerley@gmail.com,developer
507,Jacenta,Henrie,Jacenta.Henrie@yopmail.com,Jacenta.Henrie@gmail.com,worker
508,Cecile,Odysseus,Cecile.Odysseus@yopmail.com,Cecile.Odysseus@gmail.com,police officer
509,Nelle,Whittaker,Nelle.Whittaker@yopmail.com,Nelle.Whittaker@gmail.com,worker
510,Aigneis,Lipson,Aigneis.Lipson@yopmail.com,Aigneis.Lipson@gmail.com,firefighter
511,Kaja,Manolo,Kaja.Manolo@yopmail.com,Kaja.Manolo@gmail.com,developer
512,Peri,Arley,Peri.Arley@yopmail.com,Peri.Arley@gmail.com,firefighter
513,Edee,Seumas,Edee.Seumas@yopmail.com,Edee.Seumas@gmail.com,worker
514,Clary,Ranjiv,Clary.Ranjiv@yopmail.com,Clary.Ranjiv@gmail.com,worker
515,Frank,Thomasina,Frank.Thomasina@yopmail.com,Frank.Thomasina@gmail.com,developer
516,Nannie,Karl,Nannie.Karl@yopmail.com,Nannie.Karl@gmail.com,doctor
517,Lisette,Sabella,Lisette.Sabella@yopmail.com,Lisette.Sabella@gmail.com,firefighter
518,Angelique,Seligman,Angelique.Seligman@yopmail.com,Angelique.Seligman@gmail.com,firefighter
519,Luci,Estella,Luci.Estella@yopmail.com,Luci.Estella@gmail.com,worker
520,Allyce,Viddah,Allyce.Viddah@yopmail.com,Allyce.Viddah@gmail.com,firefighter
521,Wynne,Hutchison,Wynne.Hutchison@yopmail.com,Wynne.Hutchison@gmail.com,firefighter
522,Aimil,Laverne,Aimil.Laverne@yopmail.com,Aimil.Laverne@gmail.com,worker
523,Claresta,Salvidor,Claresta.Salvidor@yopmail.com,Claresta.Salvidor@gmail.com,developer
524,Merci,Armanda,Merci.Armanda@yopmail.com,Merci.Armanda@gmail.com,police officer
525,Albertina,Sothena,Albertina.Sothena@yopmail.com,Albertina.Sothena@gmail.com,doctor
526,Lucy,Flyn,Lucy.Flyn@yopmail.com,Lucy.Flyn@gmail.com,firefighter
527,Gretal,Huggins,Gretal.Huggins@yopmail.com,Gretal.Huggins@gmail.com,doctor
528,Shauna,Orlene,Shauna.Orlene@yopmail.com,Shauna.Orlene@gmail.com,doctor
529,Deirdre,Dom,Deirdre.Dom@yopmail.com,Deirdre.Dom@gmail.com,worker
530,Aryn,Suk,Aryn.Suk@yopmail.com,Aryn.Suk@gmail.com,developer
531,Ashlee,Parette,Ashlee.Parette@yopmail.com,Ashlee.Parette@gmail.com,developer
532,Nananne,Firmin,Nananne.Firmin@yopmail.com,Nananne.Firmin@gmail.com,police officer
533,Marline,Santoro,Marline.Santoro@yopmail.com,Marline.Santoro@gmail.com,worker
534,Fawne,Mintz,Fawne.Mintz@yopmail.com,Fawne.Mintz@gmail.com,developer
535,Lesly,Krystle,Lesly.Krystle@yopmail.com,Lesly.Krystle@gmail.com,doctor
536,Codie,Tannie,Codie.Tannie@yopmail.com,Codie.Tannie@gmail.com,doctor
537,Elena,Connelly,Elena.Connelly@yopmail.com,Elena.Connelly@gmail.com,firefighter
538,Joceline,Magnolia,Joceline.Magnolia@yopmail.com,Joceline.Magnolia@gmail.com,doctor
539,Adore,Libna,Adore.Libna@yopmail.com,Adore.Libna@gmail.com,worker
540,Sallie,Kazimir,Sallie.Kazimir@yopmail.com,Sallie.Kazimir@gmail.com,firefighter
541,Gratia,Curren,Gratia.Curren@yopmail.com,Gratia.Curren@gmail.com,worker
542,Celisse,Germann,Celisse.Germann@yopmail.com,Celisse.Germann@gmail.com,doctor
543,Maisey,McNully,Maisey.McNully@yopmail.com,Maisey.McNully@gmail.com,police officer
544,Elbertina,Mathilde,Elbertina.Mathilde@yopmail.com,Elbertina.Mathilde@gmail.com,police officer
545,Brietta,Mullane,Brietta.Mullane@yopmail.com,Brietta.Mullane@gmail.com,firefighter
546,Shandie,Hermes,Shandie.Hermes@yopmail.com,Shandie.Hermes@gmail.com,developer
547,Nanete,Imelida,Nanete.Imelida@yopmail.com,Nanete.Imelida@gmail.com,developer
548,Cassondra,Rurik,Cassondra.Rurik@yopmail.com,Cassondra.Rurik@gmail.com,worker
549,Amalie,Infield,Amalie.Infield@yopmail.com,Amalie.Infield@gmail.com,doctor
550,Cathie,Neils,Cathie.Neils@yopmail.com,Cathie.Neils@gmail.com,developer
551,Bobinette,Charmine,Bobinette.Charmine@yopmail.com,Bobinette.Charmine@gmail.com,worker
552,Konstance,Cressida,Konstance.Cressida@yopmail.com,Konstance.Cressida@gmail.com,worker
553,Alyda,Forrer,Alyda.Forrer@yopmail.com,Alyda.Forrer@gmail.com,police officer
554,Riannon,Pitt,Riannon.Pitt@yopmail.com,Riannon.Pitt@gmail.com,doctor
555,Berget,Goode,Berget.Goode@yopmail.com,Berget.Goode@gmail.com,worker
556,Jeanna,Lutero,Jeanna.Lutero@yopmail.com,Jeanna.Lutero@gmail.com,firefighter
557,Daphne,Rozanna,Daphne.Rozanna@yopmail.com,Daphne.Rozanna@gmail.com,doctor
558,Tiffie,Hoban,Tiffie.Hoban@yopmail.com,Tiffie.Hoban@gmail.com,firefighter
559,Josephine,Anis,Josephine.Anis@yopmail.com,Josephine.Anis@gmail.com,police officer
560,Kristan,Gillan,Kristan.Gillan@yopmail.com,Kristan.Gillan@gmail.com,developer
561,Shaylyn,Lewes,Shaylyn.Lewes@yopmail.com,Shaylyn.Lewes@gmail.com,doctor
562,Tilly,Serilda,Tilly.Serilda@yopmail.com,Tilly.Serilda@gmail.com,developer
563,Janey,Firmin,Janey.Firmin@yopmail.com,Janey.Firmin@gmail.com,police officer
564,Petronia,Docilla,Petronia.Docilla@yopmail.com,Petronia.Docilla@gmail.com,developer
565,Brooks,Crudden,Brooks.Crudden@yopmail.com,Brooks.Crudden@gmail.com,police officer
566,Aryn,Douglass,Aryn.Douglass@yopmail.com,Aryn.Douglass@gmail.com,firefighter
567,Louella,Raychel,Louella.Raychel@yopmail.com,Louella.Raychel@gmail.com,police officer
568,Daryl,Johnsson,Daryl.Johnsson@yopmail.com,Daryl.Johnsson@gmail.com,developer
569,Merry,Wareing,Merry.Wareing@yopmail.com,Merry.Wareing@gmail.com,worker
570,Emylee,Sallyann,Emylee.Sallyann@yopmail.com,Emylee.Sallyann@gmail.com,worker
571,Iseabal,Ciapas,Iseabal.Ciapas@yopmail.com,Iseabal.Ciapas@gmail.com,doctor
572,Vita,Standing,Vita.Standing@yopmail.com,Vita.Standing@gmail.com,worker
573,Marsiella,Soneson,Marsiella.Soneson@yopmail.com,Marsiella.Soneson@gmail.com,doctor
574,Linzy,Olin,Linzy.Olin@yopmail.com,Linzy.Olin@gmail.com,worker
575,Julieta,Cullin,Julieta.Cullin@yopmail.com,Julieta.Cullin@gmail.com,worker
576,Nicoli,Lamoree,Nicoli.Lamoree@yopmail.com,Nicoli.Lamoree@gmail.com,police officer
577,Karlee,Erich,Karlee.Erich@yopmail.com,Karlee.Erich@gmail.com,developer
578,Hyacinthe,Sharl,Hyacinthe.Sharl@yopmail.com,Hyacinthe.Sharl@gmail.com,developer
579,Loree,Tarrant,Loree.Tarrant@yopmail.com,Loree.Tarrant@gmail.com,doctor
580,Romona,Halla,Romona.Halla@yopmail.com,Romona.Halla@gmail.com,firefighter
581,Candi,Means,Candi.Means@yopmail.com,Candi.Means@gmail.com,doctor
582,Iseabal,Mendez,Iseabal.Mendez@yopmail.com,Iseabal.Mendez@gmail.com,police officer
583,Gertrud,Dichy,Gertrud.Dichy@yopmail.com,Gertrud.Dichy@gmail.com,police officer
584,Corry,Jacobah,Corry.Jacobah@yopmail.com,Corry.Jacobah@gmail.com,firefighter
585,Starla,Mehalek,Starla.Mehalek@yopmail.com,Starla.Mehalek@gmail.com,doctor
586,Atlanta,Whiffen,Atlanta.Whiffen@yopmail.com,Atlanta.Whiffen@gmail.com,developer
587,Deirdre,Libna,Deirdre.Libna@yopmail.com,Deirdre.Libna@gmail.com,doctor
588,Randa,Rustice,Randa.Rustice@yopmail.com,Randa.Rustice@gmail.com,firefighter
589,Karolina,Clara,Karolina.Clara@yopmail.com,Karolina.Clara@gmail.com,doctor
590,Dode,Evvie,Dode.Evvie@yopmail.com,Dode.Evvie@gmail.com,doctor
591,Layla,Atonsah,Layla.Atonsah@yopmail.com,Layla.Atonsah@gmail.com,developer
592,Orsola,Alva,Orsola.Alva@yopmail.com,Orsola.Alva@gmail.com,doctor
593,Leona,Ashely,Leona.Ashely@yopmail.com,Leona.Ashely@gmail.com,developer
594,Dianemarie,Cadmar,Dianemarie.Cadmar@yopmail.com,Dianemarie.Cadmar@gmail.com,doctor
595,Fidelia,Dash,Fidelia.Dash@yopmail.com,Fidelia.Dash@gmail.com,worker
596,Joy,Bevin,Joy.Bevin@yopmail.com,Joy.Bevin@gmail.com,worker
597,Aurelie,Modie,Aurelie.Modie@yopmail.com,Aurelie.Modie@gmail.com,firefighter
598,Stevana,Candy,Stevana.Candy@yopmail.com,Stevana.Candy@gmail.com,firefighter
599,Harrietta,Himelman,Harrietta.Himelman@yopmail.com,Harrietta.Himelman@gmail.com,police officer
600,Hayley,Nikaniki,Hayley.Nikaniki@yopmail.com,Hayley.Nikaniki@gmail.com,police officer
601,Siana,Gregrory,Siana.Gregrory@yopmail.com,Siana.Gregrory@gmail.com,developer
602,Jordan,Remmer,Jordan.Remmer@yopmail.com,Jordan.Remmer@gmail.com,worker
603,Eve,Giff,Eve.Giff@yopmail.com,Eve.Giff@gmail.com,developer
604,Marsiella,Weide,Marsiella.Weide@yopmail.com,Marsiella.Weide@gmail.com,worker
605,Aurelie,Sothena,Aurelie.Sothena@yopmail.com,Aurelie.Sothena@gmail.com,doctor
606,Brena,Maxi,Brena.Maxi@yopmail.com,Brena.Maxi@gmail.com,firefighter
607,Desirae,Gregrory,Desirae.Gregrory@yopmail.com,Desirae.Gregrory@gmail.com,worker
608,Deirdre,Ioab,Deirdre.Ioab@yopmail.com,Deirdre.Ioab@gmail.com,developer
609,Shell,Henrie,Shell.Henrie@yopmail.com,Shell.Henrie@gmail.com,doctor
610,Ida,Ackerley,Ida.Ackerley@yopmail.com,Ida.Ackerley@gmail.com,police officer
611,Kylynn,Colleen,Kylynn.Colleen@yopmail.com,Kylynn.Colleen@gmail.com,firefighter
612,Tani,Kiyoshi,Tani.Kiyoshi@yopmail.com,Tani.Kiyoshi@gmail.com,doctor
613,Angelique,Armanda,Angelique.Armanda@yopmail.com,Angelique.Armanda@gmail.com,doctor
614,Elyssa,Japeth,Elyssa.Japeth@yopmail.com,Elyssa.Japeth@gmail.com,developer
615,Coral,Joni,Coral.Joni@yopmail.com,Coral.Joni@gmail.com,doctor
616,Maryellen,Zola,Maryellen.Zola@yopmail.com,Maryellen.Zola@gmail.com,worker
617,Roberta,Lipson,Roberta.Lipson@yopmail.com,Roberta.Lipson@gmail.com,firefighter
618,Gale,Hoban,Gale.Hoban@yopmail.com,Gale.Hoban@gmail.com,worker
619,Daphne,Velick,Daphne.Velick@yopmail.com,Daphne.Velick@gmail.com,firefighter
620,Peri,Brodench,Peri.Brodench@yopmail.com,Peri.Brodench@gmail.com,developer
621,Suzette,Lipson,Suzette.Lipson@yopmail.com,Suzette.Lipson@gmail.com,doctor
622,Shandie,Ludewig,Shandie.Ludewig@yopmail.com,Shandie.Ludewig@gmail.com,worker
623,Adore,Brieta,Adore.Brieta@yopmail.com,Adore.Brieta@gmail.com,developer
624,Genevra,Denis,Genevra.Denis@yopmail.com,Genevra.Denis@gmail.com,police officer
625,Annora,Wolfgram,Annora.Wolfgram@yopmail.com,Annora.Wolfgram@gmail.com,firefighter
626,Concettina,Hermes,Concettina.Hermes@yopmail.com,Concettina.Hermes@gmail.com,firefighter
627,Jaime,Sikorski,Jaime.Sikorski@yopmail.com,Jaime.Sikorski@gmail.com,developer
628,Deane,Pulsifer,Deane.Pulsifer@yopmail.com,Deane.Pulsifer@gmail.com,firefighter
629,Dulce,Kendrick,Dulce.Kendrick@yopmail.com,Dulce.Kendrick@gmail.com,developer
630,Claresta,Trace,Claresta.Trace@yopmail.com,Claresta.Trace@gmail.com,firefighter
631,Shell,Magdalen,Shell.Magdalen@yopmail.com,Shell.Magdalen@gmail.com,developer
632,Paola,Raul,Paola.Raul@yopmail.com,Paola.Raul@gmail.com,developer
633,Max,Albertine,Max.Albertine@yopmail.com,Max.Albertine@gmail.com,worker
634,Jillayne,Felizio,Jillayne.Felizio@yopmail.com,Jillayne.Felizio@gmail.com,doctor
635,Regina,Craggie,Regina.Craggie@yopmail.com,Regina.Craggie@gmail.com,firefighter
636,Zaria,Darbie,Zaria.Darbie@yopmail.com,Zaria.Darbie@gmail.com,police officer
637,Ariela,Hepsibah,Ariela.Hepsibah@yopmail.com,Ariela.Hepsibah@gmail.com,worker
638,Nelle,Poll,Nelle.Poll@yopmail.com,Nelle.Poll@gmail.com,doctor
639,Felice,Keelia,Felice.Keelia@yopmail.com,Felice.Keelia@gmail.com,police officer
640,Marita,Adalbert,Marita.Adalbert@yopmail.com,Marita.Adalbert@gmail.com,doctor
641,Layla,Etom,Layla.Etom@yopmail.com,Layla.Etom@gmail.com,police officer
642,Gerianna,Thornburg,Gerianna.Thornburg@yopmail.com,Gerianna.Thornburg@gmail.com,police officer
643,Tabbatha,Artie,Tabbatha.Artie@yopmail.com,Tabbatha.Artie@gmail.com,worker
644,Caritta,Lacombe,Caritta.Lacombe@yopmail.com,Caritta.Lacombe@gmail.com,firefighter
645,Adriana,Idelia,Adriana.Idelia@yopmail.com,Adriana.Idelia@gmail.com,firefighter
646,Lanae,Gaspard,Lanae.Gaspard@yopmail.com,Lanae.Gaspard@gmail.com,firefighter
647,Arlena,Edee,Arlena.Edee@yopmail.com,Arlena.Edee@gmail.com,worker
648,Deloria,Autrey,Deloria.Autrey@yopmail.com,Deloria.Autrey@gmail.com,worker
649,Alleen,Presber,Alleen.Presber@yopmail.com,Alleen.Presber@gmail.com,developer
650,Alie,Aaberg,Alie.Aaberg@yopmail.com,Alie.Aaberg@gmail.com,firefighter
651,Aaren,Honoria,Aaren.Honoria@yopmail.com,Aaren.Honoria@gmail.com,firefighter
652,Gabriellia,Deny,Gabriellia.Deny@yopmail.com,Gabriellia.Deny@gmail.com,doctor
653,Kalina,Klotz,Kalina.Klotz@yopmail.com,Kalina.Klotz@gmail.com,police officer
654,Vevay,Cath,Vevay.Cath@yopmail.com,Vevay.Cath@gmail.com,worker
655,Nikki,Japeth,Nikki.Japeth@yopmail.com,Nikki.Japeth@gmail.com,developer
656,Elfreda,Garek,Elfreda.Garek@yopmail.com,Elfreda.Garek@gmail.com,police officer
657,Nickie,Wind,Nickie.Wind@yopmail.com,Nickie.Wind@gmail.com,worker
658,Marguerite,Harned,Marguerite.Harned@yopmail.com,Marguerite.Harned@gmail.com,developer
659,Albertina,Hoenack,Albertina.Hoenack@yopmail.com,Albertina.Hoenack@gmail.com,police officer
660,Tori,Cottle,Tori.Cottle@yopmail.com,Tori.Cottle@gmail.com,developer
661,Frieda,Rudolph,Frieda.Rudolph@yopmail.com,Frieda.Rudolph@gmail.com,worker
662,Sharlene,Luhe,Sharlene.Luhe@yopmail.com,Sharlene.Luhe@gmail.com,firefighter
663,Fredericka,Jotham,Fredericka.Jotham@yopmail.com,Fredericka.Jotham@gmail.com,doctor
664,Maridel,Rogerio,Maridel.Rogerio@yopmail.com,Maridel.Rogerio@gmail.com,worker
665,Alisha,Brian,Alisha.Brian@yopmail.com,Alisha.Brian@gmail.com,developer
666,Dulcinea,Simmonds,Dulcinea.Simmonds@yopmail.com,Dulcinea.Simmonds@gmail.com,police officer
667,Cristine,Judye,Cristine.Judye@yopmail.com,Cristine.Judye@gmail.com,worker
668,Emelina,Edison,Emelina.Edison@yopmail.com,Emelina.Edison@gmail.com,developer
669,Alyda,Raul,Alyda.Raul@yopmail.com,Alyda.Raul@gmail.com,worker
670,Dorthy,Garbe,Dorthy.Garbe@yopmail.com,Dorthy.Garbe@gmail.com,police officer
671,Kenna,Skell,Kenna.Skell@yopmail.com,Kenna.Skell@gmail.com,developer
672,Jessamyn,Amasa,Jessamyn.Amasa@yopmail.com,Jessamyn.Amasa@gmail.com,police officer
673,Mamie,Anselmi,Mamie.Anselmi@yopmail.com,Mamie.Anselmi@gmail.com,firefighter
674,Annice,Gaspard,Annice.Gaspard@yopmail.com,Annice.Gaspard@gmail.com,firefighter
675,Brana,Huggins,Brana.Huggins@yopmail.com,Brana.Huggins@gmail.com,worker
676,Willetta,Allys,Willetta.Allys@yopmail.com,Willetta.Allys@gmail.com,worker
677,Candi,Phaidra,Candi.Phaidra@yopmail.com,Candi.Phaidra@gmail.com,worker
678,Daryl,Cynar,Daryl.Cynar@yopmail.com,Daryl.Cynar@gmail.com,worker
679,Neila,Lilas,Neila.Lilas@yopmail.com,Neila.Lilas@gmail.com,doctor
680,Lacie,Luhe,Lacie.Luhe@yopmail.com,Lacie.Luhe@gmail.com,doctor
681,Gwenneth,Gunn,Gwenneth.Gunn@yopmail.com,Gwenneth.Gunn@gmail.com,police officer
682,Carol-Jean,Shama,Carol-Jean.Shama@yopmail.com,Carol-Jean.Shama@gmail.com,worker
683,Sidoney,Brunell,Sidoney.Brunell@yopmail.com,Sidoney.Brunell@gmail.com,developer
684,Janeczka,Uund,Janeczka.Uund@yopmail.com,Janeczka.Uund@gmail.com,police officer
685,Fidelia,Tayib,Fidelia.Tayib@yopmail.com,Fidelia.Tayib@gmail.com,police officer
686,Teriann,Durante,Teriann.Durante@yopmail.com,Teriann.Durante@gmail.com,developer
687,Farrah,Winthorpe,Farrah.Winthorpe@yopmail.com,Farrah.Winthorpe@gmail.com,police officer
688,Leeanne,Damarra,Leeanne.Damarra@yopmail.com,Leeanne.Damarra@gmail.com,worker
689,Marcy,O'Carroll,Marcy.O'Carroll@yopmail.com,Marcy.O'Carroll@gmail.com,developer
690,Cissiee,Israeli,Cissiee.Israeli@yopmail.com,Cissiee.Israeli@gmail.com,firefighter
691,Etta,Nisbet,Etta.Nisbet@yopmail.com,Etta.Nisbet@gmail.com,developer
692,Molli,Jacinda,Molli.Jacinda@yopmail.com,Molli.Jacinda@gmail.com,developer
693,Ginnie,Johanna,Ginnie.Johanna@yopmail.com,Ginnie.Johanna@gmail.com,police officer
694,Ilse,Fry,Ilse.Fry@yopmail.com,Ilse.Fry@gmail.com,worker
695,Phylis,Tacye,Phylis.Tacye@yopmail.com,Phylis.Tacye@gmail.com,firefighter
696,Melodie,Toffic,Melodie.Toffic@yopmail.com,Melodie.Toffic@gmail.com,police officer
697,Lanae,Konyn,Lanae.Konyn@yopmail.com,Lanae.Konyn@gmail.com,firefighter
698,Ileana,Grosz,Ileana.Grosz@yopmail.com,Ileana.Grosz@gmail.com,police officer
699,Perry,Jacqui,Perry.Jacqui@yopmail.com,Perry.Jacqui@gmail.com,police officer
700,Elora,Tannie,Elora.Tannie@yopmail.com,Elora.Tannie@gmail.com,firefighter
701,Annecorinne,Maxi,Annecorinne.Maxi@yopmail.com,Annecorinne.Maxi@gmail.com,developer
702,Delilah,Standing,Delilah.Standing@yopmail.com,Delilah.Standing@gmail.com,police officer
703,Jinny,Lymann,Jinny.Lymann@yopmail.com,Jinny.Lymann@gmail.com,police officer
704,Blinni,Chrystel,Blinni.Chrystel@yopmail.com,Blinni.Chrystel@gmail.com,firefighter
705,Aimil,Rad,Aimil.Rad@yopmail.com,Aimil.Rad@gmail.com,doctor
706,Evaleen,Maroney,Evaleen.Maroney@yopmail.com,Evaleen.Maroney@gmail.com,worker
707,Tomasina,Libna,Tomasina.Libna@yopmail.com,Tomasina.Libna@gmail.com,developer
708,Celestyna,Sholley,Celestyna.Sholley@yopmail.com,Celestyna.Sholley@gmail.com,doctor
709,Edyth,Ferino,Edyth.Ferino@yopmail.com,Edyth.Ferino@gmail.com,police officer
710,Melina,Tomasina,Melina.Tomasina@yopmail.com,Melina.Tomasina@gmail.com,firefighter
711,Collen,Schonfeld,Collen.Schonfeld@yopmail.com,Collen.Schonfeld@gmail.com,police officer
712,Stephanie,Ivens,Stephanie.Ivens@yopmail.com,Stephanie.Ivens@gmail.com,worker
713,Sandie,O'Neill,Sandie.O'Neill@yopmail.com,Sandie.O'Neill@gmail.com,police officer
714,Sadie,Othilia,Sadie.Othilia@yopmail.com,Sadie.Othilia@gmail.com,police officer
715,Ginnie,McGrody,Ginnie.McGrody@yopmail.com,Ginnie.McGrody@gmail.com,worker
716,Daune,O'Rourke,Daune.O'Rourke@yopmail.com,Daune.O'Rourke@gmail.com,firefighter
717,Jeanna,Adore,Jeanna.Adore@yopmail.com,Jeanna.Adore@gmail.com,firefighter
718,Raina,Jary,Raina.Jary@yopmail.com,Raina.Jary@gmail.com,police officer
719,Helena,Morrill,Helena.Morrill@yopmail.com,Helena.Morrill@gmail.com,developer
720,Queenie,Lowry,Queenie.Lowry@yopmail.com,Queenie.Lowry@gmail.com,police officer
721,Vinita,Aaberg,Vinita.Aaberg@yopmail.com,Vinita.Aaberg@gmail.com,developer
722,Joy,Rosette,Joy.Rosette@yopmail.com,Joy.Rosette@gmail.com,police officer
723,Elbertina,Odysseus,Elbertina.Odysseus@yopmail.com,Elbertina.Odysseus@gmail.com,firefighter
724,Morganica,Bultman,Morganica.Bultman@yopmail.com,Morganica.Bultman@gmail.com,doctor
725,Patricia,Tybald,Patricia.Tybald@yopmail.com,Patricia.Tybald@gmail.com,worker
726,Gwenneth,Niccolo,Gwenneth.Niccolo@yopmail.com,Gwenneth.Niccolo@gmail.com,doctor
727,Chrystel,Carleen,Chrystel.Carleen@yopmail.com,Chrystel.Carleen@gmail.com,police officer
728,Kimberley,Anton,Kimberley.Anton@yopmail.com,Kimberley.Anton@gmail.com,doctor
729,Sheree,Haerr,Sheree.Haerr@yopmail.com,Sheree.Haerr@gmail.com,police officer
730,Teriann,Strephon,Teriann.Strephon@yopmail.com,Teriann.Strephon@gmail.com,police officer
731,Miquela,Therine,Miquela.Therine@yopmail.com,Miquela.Therine@gmail.com,worker
732,Madelle,Holbrook,Madelle.Holbrook@yopmail.com,Madelle.Holbrook@gmail.com,worker
733,Nariko,Malina,Nariko.Malina@yopmail.com,Nariko.Malina@gmail.com,doctor
734,Sheelagh,Egbert,Sheelagh.Egbert@yopmail.com,Sheelagh.Egbert@gmail.com,police officer
735,Zia,Masao,Zia.Masao@yopmail.com,Zia.Masao@gmail.com,developer
736,Concettina,Sheng,Concettina.Sheng@yopmail.com,Concettina.Sheng@gmail.com,police officer
737,Shirlee,Isacco,Shirlee.Isacco@yopmail.com,Shirlee.Isacco@gmail.com,developer
738,Cissiee,Gale,Cissiee.Gale@yopmail.com,Cissiee.Gale@gmail.com,police officer
739,Mamie,Delacourt,Mamie.Delacourt@yopmail.com,Mamie.Delacourt@gmail.com,worker
740,Taffy,Decato,Taffy.Decato@yopmail.com,Taffy.Decato@gmail.com,developer
741,Marti,Gwenore,Marti.Gwenore@yopmail.com,Marti.Gwenore@gmail.com,firefighter
742,Margarette,Hilbert,Margarette.Hilbert@yopmail.com,Margarette.Hilbert@gmail.com,police officer
743,Tiffie,Olin,Tiffie.Olin@yopmail.com,Tiffie.Olin@gmail.com,developer
744,Joleen,Guildroy,Joleen.Guildroy@yopmail.com,Joleen.Guildroy@gmail.com,doctor
745,Candy,Clarissa,Candy.Clarissa@yopmail.com,Candy.Clarissa@gmail.com,worker
746,Madelle,Salchunas,Madelle.Salchunas@yopmail.com,Madelle.Salchunas@gmail.com,doctor
747,Dulce,Kussell,Dulce.Kussell@yopmail.com,Dulce.Kussell@gmail.com,firefighter
748,Ariela,Charmine,Ariela.Charmine@yopmail.com,Ariela.Charmine@gmail.com,worker
749,Petronia,Adlare,Petronia.Adlare@yopmail.com,Petronia.Adlare@gmail.com,developer
750,Latisha,Whiffen,Latisha.Whiffen@yopmail.com,Latisha.Whiffen@gmail.com,police officer
751,Georgina,Gavrila,Georgina.Gavrila@yopmail.com,Georgina.Gavrila@gmail.com,worker
752,Dione,Cookie,Dione.Cookie@yopmail.com,Dione.Cookie@gmail.com,police officer
753,Netty,Dom,Netty.Dom@yopmail.com,Netty.Dom@gmail.com,worker
754,Ericka,Olympium,Ericka.Olympium@yopmail.com,Ericka.Olympium@gmail.com,developer
755,Lauryn,Pitt,Lauryn.Pitt@yopmail.com,Lauryn.Pitt@gmail.com,police officer
756,Dulce,Trey,Dulce.Trey@yopmail.com,Dulce.Trey@gmail.com,police officer
757,Hayley,Evvie,Hayley.Evvie@yopmail.com,Hayley.Evvie@gmail.com,firefighter
758,Ebonee,Cookie,Ebonee.Cookie@yopmail.com,Ebonee.Cookie@gmail.com,developer
759,Hallie,Fillbert,Hallie.Fillbert@yopmail.com,Hallie.Fillbert@gmail.com,police officer
760,Alleen,Cleo,Alleen.Cleo@yopmail.com,Alleen.Cleo@gmail.com,firefighter
761,Lory,Zetta,Lory.Zetta@yopmail.com,Lory.Zetta@gmail.com,doctor
762,Devina,Wolfgram,Devina.Wolfgram@yopmail.com,Devina.Wolfgram@gmail.com,worker
763,Hildegaard,Clarissa,Hildegaard.Clarissa@yopmail.com,Hildegaard.Clarissa@gmail.com,developer
764,Joceline,Hathaway,Joceline.Hathaway@yopmail.com,Joceline.Hathaway@gmail.com,firefighter
765,Catrina,Riordan,Catrina.Riordan@yopmail.com,Catrina.Riordan@gmail.com,doctor
766,Roberta,Jacqui,Roberta.Jacqui@yopmail.com,Roberta.Jacqui@gmail.com,worker
767,Allyce,Beniamino,Allyce.Beniamino@yopmail.com,Allyce.Beniamino@gmail.com,police officer
768,Sean,Jethro,Sean.Jethro@yopmail.com,Sean.Jethro@gmail.com,doctor
769,Carree,Ambrosia,Carree.Ambrosia@yopmail.com,Carree.Ambrosia@gmail.com,worker
770,Lory,Raul,Lory.Raul@yopmail.com,Lory.Raul@gmail.com,police officer
771,Brena,Richers,Brena.Richers@yopmail.com,Brena.Richers@gmail.com,developer
772,Christian,Montgomery,Christian.Montgomery@yopmail.com,Christian.Montgomery@gmail.com,developer
773,Nelle,Bakerman,Nelle.Bakerman@yopmail.com,Nelle.Bakerman@gmail.com,worker
774,Marline,Zamora,Marline.Zamora@yopmail.com,Marline.Zamora@gmail.com,firefighter
775,Dianemarie,Wilona,Dianemarie.Wilona@yopmail.com,Dianemarie.Wilona@gmail.com,police officer
776,Kaja,Baylor,Kaja.Baylor@yopmail.com,Kaja.Baylor@gmail.com,police officer
777,Sadie,Lynn,Sadie.Lynn@yopmail.com,Sadie.Lynn@gmail.com,doctor
778,Madalyn,Crudden,Madalyn.Crudden@yopmail.com,Madalyn.Crudden@gmail.com,developer
779,Norine,Campball,Norine.Campball@yopmail.com,Norine.Campball@gmail.com,police officer
780,Gabriellia,Claudine,Gabriellia.Claudine@yopmail.com,Gabriellia.Claudine@gmail.com,developer
781,Valli,Swigart,Valli.Swigart@yopmail.com,Valli.Swigart@gmail.com,doctor
782,Vevay,Olympium,Vevay.Olympium@yopmail.com,Vevay.Olympium@gmail.com,police officer
783,Lenna,Shelba,Lenna.Shelba@yopmail.com,Lenna.Shelba@gmail.com,developer
784,Reeba,Carvey,Reeba.Carvey@yopmail.com,Reeba.Carvey@gmail.com,developer
785,Molli,Jena,Molli.Jena@yopmail.com,Molli.Jena@gmail.com,worker
786,Kassey,Aida,Kassey.Aida@yopmail.com,Kassey.Aida@gmail.com,doctor
787,Gilda,Oscar,Gilda.Oscar@yopmail.com,Gilda.Oscar@gmail.com,doctor
788,Alexine,Andrel,Alexine.Andrel@yopmail.com,Alexine.Andrel@gmail.com,worker
789,Leanna,Audly,Leanna.Audly@yopmail.com,Leanna.Audly@gmail.com,firefighter
790,Christian,Codding,Christian.Codding@yopmail.com,Christian.Codding@gmail.com,police officer
791,Georgina,Johanna,Georgina.Johanna@yopmail.com,Georgina.Johanna@gmail.com,doctor
792,Dominga,Dorine,Dominga.Dorine@yopmail.com,Dominga.Dorine@gmail.com,developer
793,Rosaline,Adrienne,Rosaline.Adrienne@yopmail.com,Rosaline.Adrienne@gmail.com,worker
794,Merrie,Kylander,Merrie.Kylander@yopmail.com,Merrie.Kylander@gmail.com,firefighter
795,Elmira,McGrody,Elmira.McGrody@yopmail.com,Elmira.McGrody@gmail.com,police officer
796,Henriette,Gherardo,Henriette.Gherardo@yopmail.com,Henriette.Gherardo@gmail.com,doctor
797,Belva,Lane,Belva.Lane@yopmail.com,Belva.Lane@gmail.com,worker
798,Gisela,Noam,Gisela.Noam@yopmail.com,Gisela.Noam@gmail.com,doctor
799,Danny,Kristi,Danny.Kristi@yopmail.com,Danny.Kristi@gmail.com,doctor
800,Lily,Neva,Lily.Neva@yopmail.com,Lily.Neva@gmail.com,worker
801,Genevra,Lacombe,Genevra.Lacombe@yopmail.com,Genevra.Lacombe@gmail.com,firefighter
802,Bibby,Bettine,Bibby.Bettine@yopmail.com,Bibby.Bettine@gmail.com,firefighter
803,Alia,Timon,Alia.Timon@yopmail.com,Alia.Timon@gmail.com,firefighter
804,Sindee,Ovid,Sindee.Ovid@yopmail.com,Sindee.Ovid@gmail.com,doctor
805,Kylynn,Fancie,Kylynn.Fancie@yopmail.com,Kylynn.Fancie@gmail.com,worker
806,Penelopa,Elbertina,Penelopa.Elbertina@yopmail.com,Penelopa.Elbertina@gmail.com,developer
807,Dagmar,Hachmin,Dagmar.Hachmin@yopmail.com,Dagmar.Hachmin@gmail.com,doctor
808,Meriel,Aloise,Meriel.Aloise@yopmail.com,Meriel.Aloise@gmail.com,worker
809,Ilse,Aaberg,Ilse.Aaberg@yopmail.com,Ilse.Aaberg@gmail.com,police officer
810,Jere,Docilla,Jere.Docilla@yopmail.com,Jere.Docilla@gmail.com,developer
811,Leanna,Konyn,Leanna.Konyn@yopmail.com,Leanna.Konyn@gmail.com,doctor
812,Jennica,Franza,Jennica.Franza@yopmail.com,Jennica.Franza@gmail.com,police officer
813,Shannah,Hurley,Shannah.Hurley@yopmail.com,Shannah.Hurley@gmail.com,police officer
814,Wanda,Gaynor,Wanda.Gaynor@yopmail.com,Wanda.Gaynor@gmail.com,police officer
815,Kathi,Haerr,Kathi.Haerr@yopmail.com,Kathi.Haerr@gmail.com,firefighter
816,Evita,Fadiman,Evita.Fadiman@yopmail.com,Evita.Fadiman@gmail.com,developer
817,Bernie,Loring,Bernie.Loring@yopmail.com,Bernie.Loring@gmail.com,worker
818,Lusa,Dex,Lusa.Dex@yopmail.com,Lusa.Dex@gmail.com,firefighter
819,Joy,Susannah,Joy.Susannah@yopmail.com,Joy.Susannah@gmail.com,developer
820,Atlanta,Prouty,Atlanta.Prouty@yopmail.com,Atlanta.Prouty@gmail.com,doctor
821,Roslyn,Gale,Roslyn.Gale@yopmail.com,Roslyn.Gale@gmail.com,firefighter
822,Dianemarie,Zaslow,Dianemarie.Zaslow@yopmail.com,Dianemarie.Zaslow@gmail.com,worker
823,Paola,Clara,Paola.Clara@yopmail.com,Paola.Clara@gmail.com,developer
824,Melina,Adore,Melina.Adore@yopmail.com,Melina.Adore@gmail.com,worker
825,Raquela,Merell,Raquela.Merell@yopmail.com,Raquela.Merell@gmail.com,developer
826,Ezmeralda,Havens,Ezmeralda.Havens@yopmail.com,Ezmeralda.Havens@gmail.com,police officer
827,Laurene,Fosque,Laurene.Fosque@yopmail.com,Laurene.Fosque@gmail.com,doctor
828,Lita,Gahl,Lita.Gahl@yopmail.com,Lita.Gahl@gmail.com,firefighter
829,Talya,Gaulin,Talya.Gaulin@yopmail.com,Talya.Gaulin@gmail.com,worker
830,Allyce,Craggie,Allyce.Craggie@yopmail.com,Allyce.Craggie@gmail.com,police officer
831,Danny,Carleen,Danny.Carleen@yopmail.com,Danny.Carleen@gmail.com,police officer
832,Pollyanna,Concha,Pollyanna.Concha@yopmail.com,Pollyanna.Concha@gmail.com,firefighter
833,Karena,Gabrielli,Karena.Gabrielli@yopmail.com,Karena.Gabrielli@gmail.com,developer
834,Monika,Saree,Monika.Saree@yopmail.com,Monika.Saree@gmail.com,police officer
835,Laure,Jagir,Laure.Jagir@yopmail.com,Laure.Jagir@gmail.com,developer
836,Clementine,Bouchard,Clementine.Bouchard@yopmail.com,Clementine.Bouchard@gmail.com,doctor
837,Stephanie,Mallon,Stephanie.Mallon@yopmail.com,Stephanie.Mallon@gmail.com,firefighter
838,Dulce,Nickola,Dulce.Nickola@yopmail.com,Dulce.Nickola@gmail.com,doctor
839,Marsiella,Himelman,Marsiella.Himelman@yopmail.com,Marsiella.Himelman@gmail.com,developer
840,Caritta,Septima,Caritta.Septima@yopmail.com,Caritta.Septima@gmail.com,doctor
841,Madeleine,Tatianas,Madeleine.Tatianas@yopmail.com,Madeleine.Tatianas@gmail.com,doctor
842,Sabina,Kronfeld,Sabina.Kronfeld@yopmail.com,Sabina.Kronfeld@gmail.com,police officer
843,Jessamyn,Goerke,Jessamyn.Goerke@yopmail.com,Jessamyn.Goerke@gmail.com,developer
844,Joy,MacIntosh,Joy.MacIntosh@yopmail.com,Joy.MacIntosh@gmail.com,doctor
845,Sissy,Garrison,Sissy.Garrison@yopmail.com,Sissy.Garrison@gmail.com,firefighter
846,Ellette,Goode,Ellette.Goode@yopmail.com,Ellette.Goode@gmail.com,developer
847,Gilda,Ezar,Gilda.Ezar@yopmail.com,Gilda.Ezar@gmail.com,developer
848,Basia,Buffum,Basia.Buffum@yopmail.com,Basia.Buffum@gmail.com,firefighter
849,Angela,Berne,Angela.Berne@yopmail.com,Angela.Berne@gmail.com,worker
850,Susan,Laverne,Susan.Laverne@yopmail.com,Susan.Laverne@gmail.com,doctor
851,Ashlee,Behre,Ashlee.Behre@yopmail.com,Ashlee.Behre@gmail.com,worker
852,Eugine,Albertine,Eugine.Albertine@yopmail.com,Eugine.Albertine@gmail.com,worker
853,Philis,Wyn,Philis.Wyn@yopmail.com,Philis.Wyn@gmail.com,police officer
854,Bibby,Tufts,Bibby.Tufts@yopmail.com,Bibby.Tufts@gmail.com,firefighter
855,Feliza,Joseph,Feliza.Joseph@yopmail.com,Feliza.Joseph@gmail.com,developer
856,Meg,Bohlin,Meg.Bohlin@yopmail.com,Meg.Bohlin@gmail.com,doctor
857,Kara-Lynn,Laurianne,Kara-Lynn.Laurianne@yopmail.com,Kara-Lynn.Laurianne@gmail.com,doctor
858,Viviene,Lail,Viviene.Lail@yopmail.com,Viviene.Lail@gmail.com,worker
859,Sara-Ann,Glovsky,Sara-Ann.Glovsky@yopmail.com,Sara-Ann.Glovsky@gmail.com,worker
860,Gerrie,Waite,Gerrie.Waite@yopmail.com,Gerrie.Waite@gmail.com,firefighter
861,Selma,Koehler,Selma.Koehler@yopmail.com,Selma.Koehler@gmail.com,doctor
862,Althea,Bibi,Althea.Bibi@yopmail.com,Althea.Bibi@gmail.com,doctor
863,Chere,Quinn,Chere.Quinn@yopmail.com,Chere.Quinn@gmail.com,doctor
864,Paulita,Bakerman,Paulita.Bakerman@yopmail.com,Paulita.Bakerman@gmail.com,firefighter
865,Alameda,Flyn,Alameda.Flyn@yopmail.com,Alameda.Flyn@gmail.com,developer
866,Eugine,Mayeda,Eugine.Mayeda@yopmail.com,Eugine.Mayeda@gmail.com,firefighter
867,Halette,Salvidor,Halette.Salvidor@yopmail.com,Halette.Salvidor@gmail.com,doctor
868,Merci,Newell,Merci.Newell@yopmail.com,Merci.Newell@gmail.com,doctor
869,Lesly,Devlen,Lesly.Devlen@yopmail.com,Lesly.Devlen@gmail.com,police officer
870,Hope,Wadell,Hope.Wadell@yopmail.com,Hope.Wadell@gmail.com,developer
871,Jenilee,Paton,Jenilee.Paton@yopmail.com,Jenilee.Paton@gmail.com,doctor
872,Fred,Leary,Fred.Leary@yopmail.com,Fred.Leary@gmail.com,firefighter
873,Tani,Destinee,Tani.Destinee@yopmail.com,Tani.Destinee@gmail.com,police officer
874,Morganica,Ilka,Morganica.Ilka@yopmail.com,Morganica.Ilka@gmail.com,worker
875,Luci,Dominy,Luci.Dominy@yopmail.com,Luci.Dominy@gmail.com,police officer
876,Danika,Ioab,Danika.Ioab@yopmail.com,Danika.Ioab@gmail.com,police officer
877,Betta,Pip,Betta.Pip@yopmail.com,Betta.Pip@gmail.com,worker
878,Deane,Waldron,Deane.Waldron@yopmail.com,Deane.Waldron@gmail.com,police officer
879,Anica,August,Anica.August@yopmail.com,Anica.August@gmail.com,worker
880,Lanae,Orlene,Lanae.Orlene@yopmail.com,Lanae.Orlene@gmail.com,worker
881,Elka,Fleeta,Elka.Fleeta@yopmail.com,Elka.Fleeta@gmail.com,firefighter
882,Janey,Maisey,Janey.Maisey@yopmail.com,Janey.Maisey@gmail.com,firefighter
883,Kalina,Gregrory,Kalina.Gregrory@yopmail.com,Kalina.Gregrory@gmail.com,developer
884,Orsola,Zachary,Orsola.Zachary@yopmail.com,Orsola.Zachary@gmail.com,firefighter
885,Rubie,Bandeen,Rubie.Bandeen@yopmail.com,Rubie.Bandeen@gmail.com,doctor
886,Willetta,Olin,Willetta.Olin@yopmail.com,Willetta.Olin@gmail.com,worker
887,Merle,Dunkin,Merle.Dunkin@yopmail.com,Merle.Dunkin@gmail.com,firefighter
888,Hallie,Tremayne,Hallie.Tremayne@yopmail.com,Hallie.Tremayne@gmail.com,police officer
889,Harmonia,Silvan,Harmonia.Silvan@yopmail.com,Harmonia.Silvan@gmail.com,worker
890,Leontine,Gibbeon,Leontine.Gibbeon@yopmail.com,Leontine.Gibbeon@gmail.com,doctor
891,Ermengarde,Arvo,Ermengarde.Arvo@yopmail.com,Ermengarde.Arvo@gmail.com,doctor
892,Shaine,Magnolia,Shaine.Magnolia@yopmail.com,Shaine.Magnolia@gmail.com,firefighter
893,Misha,Quent,Misha.Quent@yopmail.com,Misha.Quent@gmail.com,firefighter
894,Linzy,Genna,Linzy.Genna@yopmail.com,Linzy.Genna@gmail.com,firefighter
895,Shell,Gregrory,Shell.Gregrory@yopmail.com,Shell.Gregrory@gmail.com,doctor
896,Kellen,Ilka,Kellen.Ilka@yopmail.com,Kellen.Ilka@gmail.com,developer
897,Talya,Rosalba,Talya.Rosalba@yopmail.com,Talya.Rosalba@gmail.com,firefighter
898,Evaleen,Seagraves,Evaleen.Seagraves@yopmail.com,Evaleen.Seagraves@gmail.com,doctor
899,Shirlee,Nahum,Shirlee.Nahum@yopmail.com,Shirlee.Nahum@gmail.com,doctor
900,Marnia,Brenn,Marnia.Brenn@yopmail.com,Marnia.Brenn@gmail.com,doctor
901,Marguerite,Remmer,Marguerite.Remmer@yopmail.com,Marguerite.Remmer@gmail.com,doctor
902,Gavrielle,Jacinda,Gavrielle.Jacinda@yopmail.com,Gavrielle.Jacinda@gmail.com,developer
903,Frances,Marsden,Frances.Marsden@yopmail.com,Frances.Marsden@gmail.com,developer
904,Stevana,Koehler,Stevana.Koehler@yopmail.com,Stevana.Koehler@gmail.com,firefighter
905,Jacquetta,Marden,Jacquetta.Marden@yopmail.com,Jacquetta.Marden@gmail.com,worker
906,Emelina,Mike,Emelina.Mike@yopmail.com,Emelina.Mike@gmail.com,police officer
907,Ana,Koziara,Ana.Koziara@yopmail.com,Ana.Koziara@gmail.com,doctor
908,Elvira,Rillings,Elvira.Rillings@yopmail.com,Elvira.Rillings@gmail.com,developer
909,Kelly,Joni,Kelly.Joni@yopmail.com,Kelly.Joni@gmail.com,doctor
910,Jsandye,Agle,Jsandye.Agle@yopmail.com,Jsandye.Agle@gmail.com,doctor
911,Xylina,Rocray,Xylina.Rocray@yopmail.com,Xylina.Rocray@gmail.com,firefighter
912,Taffy,Tice,Taffy.Tice@yopmail.com,Taffy.Tice@gmail.com,police officer
913,Vinita,Viddah,Vinita.Viddah@yopmail.com,Vinita.Viddah@gmail.com,worker
914,Talya,Armanda,Talya.Armanda@yopmail.com,Talya.Armanda@gmail.com,firefighter
915,Correy,Francyne,Correy.Francyne@yopmail.com,Correy.Francyne@gmail.com,firefighter
916,Gabriellia,Simmonds,Gabriellia.Simmonds@yopmail.com,Gabriellia.Simmonds@gmail.com,doctor
917,Pamella,Schlosser,Pamella.Schlosser@yopmail.com,Pamella.Schlosser@gmail.com,police officer
918,Tamqrah,Letsou,Tamqrah.Letsou@yopmail.com,Tamqrah.Letsou@gmail.com,worker
919,Kellen,Arley,Kellen.Arley@yopmail.com,Kellen.Arley@gmail.com,doctor
920,Arlina,Merna,Arlina.Merna@yopmail.com,Arlina.Merna@gmail.com,worker
921,Etta,Gaulin,Etta.Gaulin@yopmail.com,Etta.Gaulin@gmail.com,developer
922,Selma,Wiener,Selma.Wiener@yopmail.com,Selma.Wiener@gmail.com,firefighter
923,Lila,Eben,Lila.Eben@yopmail.com,Lila.Eben@gmail.com,doctor
924,Jacenta,Fairweather,Jacenta.Fairweather@yopmail.com,Jacenta.Fairweather@gmail.com,firefighter
925,Raquela,Connelly,Raquela.Connelly@yopmail.com,Raquela.Connelly@gmail.com,doctor
926,Gilligan,Parsaye,Gilligan.Parsaye@yopmail.com,Gilligan.Parsaye@gmail.com,worker
927,Valera,Alva,Valera.Alva@yopmail.com,Valera.Alva@gmail.com,worker
928,Roslyn,Tiffa,Roslyn.Tiffa@yopmail.com,Roslyn.Tiffa@gmail.com,developer
929,Marline,Hessler,Marline.Hessler@yopmail.com,Marline.Hessler@gmail.com,doctor
930,Kimmy,Elephus,Kimmy.Elephus@yopmail.com,Kimmy.Elephus@gmail.com,developer
931,Monika,Meter,Monika.Meter@yopmail.com,Monika.Meter@gmail.com,police officer
932,Tera,Pond,Tera.Pond@yopmail.com,Tera.Pond@gmail.com,firefighter
933,Beatriz,Revkah,Beatriz.Revkah@yopmail.com,Beatriz.Revkah@gmail.com,doctor
934,Cassondra,Faust,Cassondra.Faust@yopmail.com,Cassondra.Faust@gmail.com,police officer
935,Ottilie,Johanna,Ottilie.Johanna@yopmail.com,Ottilie.Johanna@gmail.com,worker
936,Daryl,Tice,Daryl.Tice@yopmail.com,Daryl.Tice@gmail.com,developer
937,Nita,Sprage,Nita.Sprage@yopmail.com,Nita.Sprage@gmail.com,doctor
938,Korrie,Carolin,Korrie.Carolin@yopmail.com,Korrie.Carolin@gmail.com,developer
939,Barbi,Kat,Barbi.Kat@yopmail.com,Barbi.Kat@gmail.com,firefighter
940,Vivia,Arley,Vivia.Arley@yopmail.com,Vivia.Arley@gmail.com,doctor
941,Elise,Boycey,Elise.Boycey@yopmail.com,Elise.Boycey@gmail.com,developer
942,Gusella,Chapland,Gusella.Chapland@yopmail.com,Gusella.Chapland@gmail.com,worker
943,Dede,Tice,Dede.Tice@yopmail.com,Dede.Tice@gmail.com,doctor
944,Althea,Brotherson,Althea.Brotherson@yopmail.com,Althea.Brotherson@gmail.com,firefighter
945,Ekaterina,Beniamino,Ekaterina.Beniamino@yopmail.com,Ekaterina.Beniamino@gmail.com,developer
946,Gilda,Fosque,Gilda.Fosque@yopmail.com,Gilda.Fosque@gmail.com,developer
947,Penelopa,Rhu,Penelopa.Rhu@yopmail.com,Penelopa.Rhu@gmail.com,developer
948,Margarette,Drus,Margarette.Drus@yopmail.com,Margarette.Drus@gmail.com,doctor
949,Halette,Hazlett,Halette.Hazlett@yopmail.com,Halette.Hazlett@gmail.com,worker
950,Cherrita,Stilwell,Cherrita.Stilwell@yopmail.com,Cherrita.Stilwell@gmail.com,developer
951,Brandise,Cleo,Brandise.Cleo@yopmail.com,Brandise.Cleo@gmail.com,worker
952,Magdalena,Teddman,Magdalena.Teddman@yopmail.com,Magdalena.Teddman@gmail.com,police officer
953,Rani,Klotz,Rani.Klotz@yopmail.com,Rani.Klotz@gmail.com,firefighter
954,Genevra,Parsaye,Genevra.Parsaye@yopmail.com,Genevra.Parsaye@gmail.com,worker
955,Cathyleen,Camden,Cathyleen.Camden@yopmail.com,Cathyleen.Camden@gmail.com,developer
956,Korrie,Peti,Korrie.Peti@yopmail.com,Korrie.Peti@gmail.com,doctor
957,Liana,Linskey,Liana.Linskey@yopmail.com,Liana.Linskey@gmail.com,worker
958,Helsa,McClimans,Helsa.McClimans@yopmail.com,Helsa.McClimans@gmail.com,firefighter
959,Verla,Ashely,Verla.Ashely@yopmail.com,Verla.Ashely@gmail.com,doctor
960,Andree,Thar,Andree.Thar@yopmail.com,Andree.Thar@gmail.com,police officer
961,Dorothy,Schenck,Dorothy.Schenck@yopmail.com,Dorothy.Schenck@gmail.com,police officer
962,Laure,Elo,Laure.Elo@yopmail.com,Laure.Elo@gmail.com,firefighter
963,Meg,Solitta,Meg.Solitta@yopmail.com,Meg.Solitta@gmail.com,developer
964,Odessa,Halsey,Odessa.Halsey@yopmail.com,Odessa.Halsey@gmail.com,firefighter
965,Marnia,Marijo,Marnia.Marijo@yopmail.com,Marnia.Marijo@gmail.com,worker
966,Dede,Libna,Dede.Libna@yopmail.com,Dede.Libna@gmail.com,developer
967,Barbi,Faso,Barbi.Faso@yopmail.com,Barbi.Faso@gmail.com,police officer
968,Gloria,Ivens,Gloria.Ivens@yopmail.com,Gloria.Ivens@gmail.com,doctor
969,Robinia,Schroth,Robinia.Schroth@yopmail.com,Robinia.Schroth@gmail.com,developer
970,Livvyy,Lasley,Livvyy.Lasley@yopmail.com,Livvyy.Lasley@gmail.com,doctor
971,Cassandra,Rosalba,Cassandra.Rosalba@yopmail.com,Cassandra.Rosalba@gmail.com,doctor
972,Ermengarde,Juliet,Ermengarde.Juliet@yopmail.com,Ermengarde.Juliet@gmail.com,doctor
973,Lisette,Gower,Lisette.Gower@yopmail.com,Lisette.Gower@gmail.com,police officer
974,Jan,Arley,Jan.Arley@yopmail.com,Jan.Arley@gmail.com,doctor
975,Giustina,Joli,Giustina.Joli@yopmail.com,Giustina.Joli@gmail.com,doctor
976,Myrtice,Bivins,Myrtice.Bivins@yopmail.com,Myrtice.Bivins@gmail.com,police officer
977,Ingrid,Nea,Ingrid.Nea@yopmail.com,Ingrid.Nea@gmail.com,developer
978,Feliza,Ezar,Feliza.Ezar@yopmail.com,Feliza.Ezar@gmail.com,doctor
979,Pamella,Wittie,Pamella.Wittie@yopmail.com,Pamella.Wittie@gmail.com,worker
980,Carilyn,Korey,Carilyn.Korey@yopmail.com,Carilyn.Korey@gmail.com,worker
981,Helsa,Johanna,Helsa.Johanna@yopmail.com,Helsa.Johanna@gmail.com,firefighter
982,Celisse,Mayeda,Celisse.Mayeda@yopmail.com,Celisse.Mayeda@gmail.com,doctor
983,Moyna,Borrell,Moyna.Borrell@yopmail.com,Moyna.Borrell@gmail.com,doctor
984,Keelia,Schonfeld,Keelia.Schonfeld@yopmail.com,Keelia.Schonfeld@gmail.com,police officer
985,Max,Abbot,Max.Abbot@yopmail.com,Max.Abbot@gmail.com,developer
986,Gretal,Orpah,Gretal.Orpah@yopmail.com,Gretal.Orpah@gmail.com,developer
987,Odessa,Serilda,Odessa.Serilda@yopmail.com,Odessa.Serilda@gmail.com,firefighter
988,Alyda,Terencio,Alyda.Terencio@yopmail.com,Alyda.Terencio@gmail.com,developer
989,Georgetta,Newell,Georgetta.Newell@yopmail.com,Georgetta.Newell@gmail.com,firefighter
990,Hyacinthe,Garlinda,Hyacinthe.Garlinda@yopmail.com,Hyacinthe.Garlinda@gmail.com,firefighter
991,Cacilie,Connelly,Cacilie.Connelly@yopmail.com,Cacilie.Connelly@gmail.com,developer
992,Frieda,Gemini,Frieda.Gemini@yopmail.com,Frieda.Gemini@gmail.com,developer
993,Halette,Xerxes,Halette.Xerxes@yopmail.com,Halette.Xerxes@gmail.com,worker
994,Kelly,Philipp,Kelly.Philipp@yopmail.com,Kelly.Philipp@gmail.com,worker
995,Nessie,Milson,Nessie.Milson@yopmail.com,Nessie.Milson@gmail.com,police officer
996,Ariela,Thad,Ariela.Thad@yopmail.com,Ariela.Thad@gmail.com,worker
997,Ardenia,Libna,Ardenia.Libna@yopmail.com,Ardenia.Libna@gmail.com,developer
998,Lila,Alcott,Lila.Alcott@yopmail.com,Lila.Alcott@gmail.com,firefighter
999,Katleen,Pond,Katleen.Pond@yopmail.com,Katleen.Pond@gmail.com,police officer
1000,Dulcinea,Juan,Dulcinea.Juan@yopmail.com,Dulcinea.Juan@gmail.com,police officer
1001,Mallory,Maxi,Mallory.Maxi@yopmail.com,Mallory.Maxi@gmail.com,doctor
1002,Quintina,Jena,Quintina.Jena@yopmail.com,Quintina.Jena@gmail.com,doctor
1003,Brynna,Noam,Brynna.Noam@yopmail.com,Brynna.Noam@gmail.com,firefighter
1004,Rhoda,Bronk,Rhoda.Bronk@yopmail.com,Rhoda.Bronk@gmail.com,police officer
1005,Catrina,Deegan,Catrina.Deegan@yopmail.com,Catrina.Deegan@gmail.com,police officer
1006,Zondra,Chaing,Zondra.Chaing@yopmail.com,Zondra.Chaing@gmail.com,doctor
1007,Amii,Baudin,Amii.Baudin@yopmail.com,Amii.Baudin@gmail.com,worker
1008,Cam,Holbrook,Cam.Holbrook@yopmail.com,Cam.Holbrook@gmail.com,doctor
1009,Mahalia,Esmaria,Mahalia.Esmaria@yopmail.com,Mahalia.Esmaria@gmail.com,worker
1010,Carol-Jean,Stanwood,Carol-Jean.Stanwood@yopmail.com,Carol-Jean.Stanwood@gmail.com,worker
1011,Averyl,Killigrew,Averyl.Killigrew@yopmail.com,Averyl.Killigrew@gmail.com,developer
1012,Benita,Waldron,Benita.Waldron@yopmail.com,Benita.Waldron@gmail.com,doctor
1013,Marinna,Jacinda,Marinna.Jacinda@yopmail.com,Marinna.Jacinda@gmail.com,police officer
1014,Aurelie,Esmaria,Aurelie.Esmaria@yopmail.com,Aurelie.Esmaria@gmail.com,police officer
1015,Georgetta,Socha,Georgetta.Socha@yopmail.com,Georgetta.Socha@gmail.com,firefighter
1016,Kristina,Seagraves,Kristina.Seagraves@yopmail.com,Kristina.Seagraves@gmail.com,police officer
1017,Edee,Cynar,Edee.Cynar@yopmail.com,Edee.Cynar@gmail.com,firefighter
1018,Ellette,Connelly,Ellette.Connelly@yopmail.com,Ellette.Connelly@gmail.com,firefighter
1019,Mallory,Manolo,Mallory.Manolo@yopmail.com,Mallory.Manolo@gmail.com,worker
1020,Melisent,Peg,Melisent.Peg@yopmail.com,Melisent.Peg@gmail.com,firefighter
1021,Atlanta,Edee,Atlanta.Edee@yopmail.com,Atlanta.Edee@gmail.com,police officer
1022,Lesly,Bonucci,Lesly.Bonucci@yopmail.com,Lesly.Bonucci@gmail.com,police officer
1023,Vanessa,Paine,Vanessa.Paine@yopmail.com,Vanessa.Paine@gmail.com,police officer
1024,Tersina,Ortrude,Tersina.Ortrude@yopmail.com,Tersina.Ortrude@gmail.com,police officer
1025,Amara,Ambrosia,Amara.Ambrosia@yopmail.com,Amara.Ambrosia@gmail.com,police officer
1026,Renae,Kamaria,Renae.Kamaria@yopmail.com,Renae.Kamaria@gmail.com,worker
1027,Elora,Eachern,Elora.Eachern@yopmail.com,Elora.Eachern@gmail.com,doctor
1028,Nataline,Ardra,Nataline.Ardra@yopmail.com,Nataline.Ardra@gmail.com,police officer
1029,Karolina,Astra,Karolina.Astra@yopmail.com,Karolina.Astra@gmail.com,firefighter
1030,Glynnis,Bultman,Glynnis.Bultman@yopmail.com,Glynnis.Bultman@gmail.com,developer
1031,Daphne,Ingra,Daphne.Ingra@yopmail.com,Daphne.Ingra@gmail.com,developer
1032,Sybille,Gibbeon,Sybille.Gibbeon@yopmail.com,Sybille.Gibbeon@gmail.com,developer
1033,Gloria,Ramona,Gloria.Ramona@yopmail.com,Gloria.Ramona@gmail.com,developer
1034,Rhea,Dannye,Rhea.Dannye@yopmail.com,Rhea.Dannye@gmail.com,developer
1035,Sallie,Haymes,Sallie.Haymes@yopmail.com,Sallie.Haymes@gmail.com,police officer
1036,Courtnay,Arne,Courtnay.Arne@yopmail.com,Courtnay.Arne@gmail.com,doctor
1037,Lanna,Medrek,Lanna.Medrek@yopmail.com,Lanna.Medrek@gmail.com,worker
1038,Letizia,Nester,Letizia.Nester@yopmail.com,Letizia.Nester@gmail.com,worker
1039,Daphne,Elbertina,Daphne.Elbertina@yopmail.com,Daphne.Elbertina@gmail.com,developer
1040,Charmaine,Thornburg,Charmaine.Thornburg@yopmail.com,Charmaine.Thornburg@gmail.com,firefighter
1041,Vita,Bouchard,Vita.Bouchard@yopmail.com,Vita.Bouchard@gmail.com,police officer
1042,Aurelie,Auberbach,Aurelie.Auberbach@yopmail.com,Aurelie.Auberbach@gmail.com,doctor
1043,Farrah,Lasley,Farrah.Lasley@yopmail.com,Farrah.Lasley@gmail.com,doctor
1044,Lynnea,McAdams,Lynnea.McAdams@yopmail.com,Lynnea.McAdams@gmail.com,developer
1045,Raf,Schroth,Raf.Schroth@yopmail.com,Raf.Schroth@gmail.com,police officer
1046,Lilith,Ricarda,Lilith.Ricarda@yopmail.com,Lilith.Ricarda@gmail.com,doctor
1047,Ulrike,Edee,Ulrike.Edee@yopmail.com,Ulrike.Edee@gmail.com,police officer
1048,Kristan,Swigart,Kristan.Swigart@yopmail.com,Kristan.Swigart@gmail.com,police officer
1049,Mallory,Chinua,Mallory.Chinua@yopmail.com,Mallory.Chinua@gmail.com,firefighter
1050,Marylou,Anis,Marylou.Anis@yopmail.com,Marylou.Anis@gmail.com,firefighter
1051,Taffy,Aurelio,Taffy.Aurelio@yopmail.com,Taffy.Aurelio@gmail.com,police officer
1052,Thalia,Lacombe,Thalia.Lacombe@yopmail.com,Thalia.Lacombe@gmail.com,worker
1053,Catharine,Auberbach,Catharine.Auberbach@yopmail.com,Catharine.Auberbach@gmail.com,firefighter
1054,Margalo,Gunn,Margalo.Gunn@yopmail.com,Margalo.Gunn@gmail.com,developer
1055,Janey,Ludewig,Janey.Ludewig@yopmail.com,Janey.Ludewig@gmail.com,doctor
1056,Nataline,Darbie,Nataline.Darbie@yopmail.com,Nataline.Darbie@gmail.com,worker
1057,Dari,Zina,Dari.Zina@yopmail.com,Dari.Zina@gmail.com,police officer
1058,Janey,Milde,Janey.Milde@yopmail.com,Janey.Milde@gmail.com,firefighter
1059,Ermengarde,Ursulette,Ermengarde.Ursulette@yopmail.com,Ermengarde.Ursulette@gmail.com,developer
1060,Elora,Heisel,Elora.Heisel@yopmail.com,Elora.Heisel@gmail.com,doctor
1061,Ethel,Center,Ethel.Center@yopmail.com,Ethel.Center@gmail.com,doctor
1062,Ofilia,Rosalba,Ofilia.Rosalba@yopmail.com,Ofilia.Rosalba@gmail.com,developer
1063,Codie,Adlare,Codie.Adlare@yopmail.com,Codie.Adlare@gmail.com,worker
1064,Rori,Clywd,Rori.Clywd@yopmail.com,Rori.Clywd@gmail.com,doctor
1065,Nita,Vins,Nita.Vins@yopmail.com,Nita.Vins@gmail.com,police officer
1066,Ardenia,Drisko,Ardenia.Drisko@yopmail.com,Ardenia.Drisko@gmail.com,firefighter
1067,Dawn,Mott,Dawn.Mott@yopmail.com,Dawn.Mott@gmail.com,worker
1068,Caressa,Eldrid,Caressa.Eldrid@yopmail.com,Caressa.Eldrid@gmail.com,worker
1069,Nannie,Blisse,Nannie.Blisse@yopmail.com,Nannie.Blisse@gmail.com,developer
1070,Talya,Reidar,Talya.Reidar@yopmail.com,Talya.Reidar@gmail.com,developer
1071,Ethel,Ivens,Ethel.Ivens@yopmail.com,Ethel.Ivens@gmail.com,police officer
1072,Lorenza,Angelis,Lorenza.Angelis@yopmail.com,Lorenza.Angelis@gmail.com,doctor
1073,Karina,Frodi,Karina.Frodi@yopmail.com,Karina.Frodi@gmail.com,doctor
1074,Kate,Chandler,Kate.Chandler@yopmail.com,Kate.Chandler@gmail.com,worker
1075,Annaliese,Magnolia,Annaliese.Magnolia@yopmail.com,Annaliese.Magnolia@gmail.com,worker
1076,Rayna,Hutchison,Rayna.Hutchison@yopmail.com,Rayna.Hutchison@gmail.com,police officer
1077,Cassandra,Bahr,Cassandra.Bahr@yopmail.com,Cassandra.Bahr@gmail.com,doctor
1078,Jenda,Shuler,Jenda.Shuler@yopmail.com,Jenda.Shuler@gmail.com,developer
1079,Mariann,Middleton,Mariann.Middleton@yopmail.com,Mariann.Middleton@gmail.com,firefighter
1080,Aaren,Kannry,Aaren.Kannry@yopmail.com,Aaren.Kannry@gmail.com,developer
1081,Lelah,Yuille,Lelah.Yuille@yopmail.com,Lelah.Yuille@gmail.com,worker
1082,Adele,Carolin,Adele.Carolin@yopmail.com,Adele.Carolin@gmail.com,doctor
1083,Celisse,Ashok,Celisse.Ashok@yopmail.com,Celisse.Ashok@gmail.com,police officer
1084,Alisha,Caitlin,Alisha.Caitlin@yopmail.com,Alisha.Caitlin@gmail.com,doctor
1085,Addia,Pernick,Addia.Pernick@yopmail.com,Addia.Pernick@gmail.com,developer
1086,Winny,Auberbach,Winny.Auberbach@yopmail.com,Winny.Auberbach@gmail.com,developer
1087,Annecorinne,Hutchison,Annecorinne.Hutchison@yopmail.com,Annecorinne.Hutchison@gmail.com,worker
1088,Lynnea,Honoria,Lynnea.Honoria@yopmail.com,Lynnea.Honoria@gmail.com,firefighter
1089,Lolita,Brittani,Lolita.Brittani@yopmail.com,Lolita.Brittani@gmail.com,developer
1090,Penelopa,Lipson,Penelopa.Lipson@yopmail.com,Penelopa.Lipson@gmail.com,police officer
1091,Loree,Jalbert,Loree.Jalbert@yopmail.com,Loree.Jalbert@gmail.com,developer
1092,Brynna,Schlosser,Brynna.Schlosser@yopmail.com,Brynna.Schlosser@gmail.com,doctor
1093,Doro,Sundin,Doro.Sundin@yopmail.com,Doro.Sundin@gmail.com,police officer
1094,Corly,Dichy,Corly.Dichy@yopmail.com,Corly.Dichy@gmail.com,doctor
1095,Florencia,Gherardo,Florencia.Gherardo@yopmail.com,Florencia.Gherardo@gmail.com,doctor
1096,Renae,Merna,Renae.Merna@yopmail.com,Renae.Merna@gmail.com,worker
1097,Quintina,Florina,Quintina.Florina@yopmail.com,Quintina.Florina@gmail.com,worker
1098,Carilyn,Fabiola,Carilyn.Fabiola@yopmail.com,Carilyn.Fabiola@gmail.com,firefighter
1099,Candi,Solitta,Candi.Solitta@yopmail.com,Candi.Solitta@gmail.com,firefighter